Dem_scenarios,Region,2024,2025,2026,2027,2028,2029,2030,2031,2032,2033,2034,2035,2036,2037,2038,2039,2040,2041,2042,2043,2044,2045,2046,2047,2048,2049,2050
All_0.0,Asia,14021785.64034378,14142570.234278265,14232481.713272383,14316857.086363949,14396192.39298995,14470926.130495388,14541447.362799114,14522635.366583282,14504743.822983833,14487706.789968034,14471464.477452883,14455962.546236727,14460019.822366778,14463833.871265931,14467425.928055042,14470814.825829327,14474017.325951574,14439294.577385608,14406498.10531784,14375471.943000128,14346076.518940726,14318186.557729837,14253226.734998798,14192133.160489526,14134570.644708548,14080241.656153485,14028881.177276948
All_0.0,Latin America,1583568.1885069385,1597058.975487786,1608361.279036582,1618967.667557743,1628940.4955843238,1638334.8843328143,1647199.7410012719,1660524.611600204,1673197.5092843496,1685265.1419651452,1696769.8600189192,1707750.1528660413,1723056.9810068149,1737446.189221512,1750997.8909495494,1763783.137542309,1775865.1643555553,1798034.4342295215,1818973.8434126112,1838782.9712605448,1857550.92932684,1875357.7016128548,1887790.3743199147,1899483.0850516397,1910499.9857883144,1920898.0211402166,1930727.9128656557
All_0.0,Mideast+Africa,2136131.1554832133,2169689.554291868,2183016.830207061,2195523.5077772555,2207283.113258668,2218360.6436368953,2228813.768547149,2265774.091922036,2300925.982743432,2334398.998705577,2366310.6106381137,2396767.579909778,2449012.8488167254,2498126.0972063355,2544380.768286235,2588019.3745433353,2629257.750906728,2717220.7466532136,2800303.9140907205,2878902.363139129,2953369.6696828776,3024023.1934009823,3105468.7585754204,3182066.8848516624,3254237.8273441503,3322354.6261929283,3386749.556072108
All_0.0,OECD+EU,9533311.222630475,9372513.500957273,9276197.779082472,9185812.490588866,9100826.263987679,9020769.36850819,8945225.02786534,8920600.652931638,8897181.124632744,8874880.12669901,8853619.395590272,8833327.802817054,8766717.437890567,8704100.25806929,8645127.635578353,8589490.377918798,8536913.305276413,8462210.513944462,8391651.92885296,8324902.001926868,8261660.457973286,8201657.778501205,8176334.998360288,8152519.367555283,8130080.2217849055,8108901.576668301,8088880.122485649
All_0.0,E. Europe+Russia,1507440.1985133437,1500404.1404625585,1482178.8038792533,1465075.6531899367,1448994.1396571305,1433845.3785044635,1419550.505264874,1412701.6824405896,1406187.9658333934,1399985.3481399845,1394072.0617775668,1388428.323648153,1383429.3153968663,1378729.9897146795,1374304.1826085702,1370128.6896439837,1366182.858987481,1365476.1332649451,1364808.6138036132,1364177.126151078,1363578.8295540167,1363011.1742328717,1359415.5392233303,1356033.9075296435,1352847.7258518345,1349840.5253228184,1346997.6367773877
All_0.25,Asia,14021785.64034378,14177926.65986396,14303733.074849453,14424502.179282933,14540695.074458959,14652719.403919708,14760936.886662561,14778695.543341536,14797389.761004202,14816959.01337046,14837348.441837484,14858508.209662173,14899835.162252339,14941024.63214622,14982097.036056595,15023070.508326361,15063961.21485033,15065392.765992733,15068752.15086767,15073890.492517577,15080674.587206338,15088984.897761377,15058079.379454726,15031019.806736918,15007479.949637864,14987170.252740225,14969832.825549837
All_0.25,Latin America,1583568.1885069385,1601051.6229265057,1616413.1376897586,1631140.306004562,1645291.0876811622,1658916.722627218,1672062.6778080498,1689802.6465315328,1706955.7376662926,1723565.0125422368,1739669.518446668,1755304.7460694753,1775465.407900635,1794768.0083465409,1813288.7247941392,1831095.12184478,1848247.3356371464,1875998.499322248,1902590.4709749098,1928118.482522873,1952667.7595338242,1976314.8023979522,1994390.3115270433,2011760.1456459372,2028486.817973151,2044625.8227676542,2060226.59412329
All_0.25,Mideast+Africa,2136131.1554832133,2175113.778177597,2193945.5582132847,2212031.1344564096,2229438.8555494184,2246229.1462749243,2262455.624177711,2305723.7635778305,2347349.184059708,2387451.2913682386,2426138.357065199,2463508.7873835447,2523501.918106959,2580544.2654258288,2634895.782892415,2686787.0267596343,2736423.19831199,2835041.3907579277,2929031.4217971945,3018771.0798420296,3104598.449994965,3186816.9975110423,3280828.681565862,3370156.5389566286,3455209.936886445,3536352.2614664524,3613907.198709729
All_0.25,OECD+EU,9533311.222630475,9395944.784709666,9322636.744214002,9254878.4617808,9192176.376769597,9134094.194958039,9080244.818759086,9077886.88386156,9076689.563232638,9076573.469648842,9077466.634317083,9079303.661516627,9033365.537754333,8991265.90598079,8952673.528064298,8917294.64658322,8884867.831037296,8829138.042571148,8777408.786494687,8729359.40020323,8684702.93966372,8643181.862273015,8638037.107485434,8634408.844871847,8632169.945895106,8631207.578680262,8631421.255150089
All_0.25,E. Europe+Russia,1507440.1985133437,1504155.1508137146,1489598.9615161738,1476091.2136491651,1463538.5089526738,1451858.2853904536,1440977.2901458482,1437610.1534846798,1434559.0423112968,1431801.8595650427,1429318.571444622,1427090.97228701,1425507.6418468596,1424217.0451313937,1423194.3348659049,1422417.4766760396,1421866.8623037413,1424684.1596017994,1427547.6652570032,1430454.366544236,1433401.5697851712,1436386.859506085,1436179.1529650346,1436188.0833692711,1436395.602736982,1436785.6931077703,1437344.0892513252
All_0.5,Asia,14021785.64034378,14213283.085449656,14375162.342447935,14532685.496548016,14686282.876802508,14836335.149214916,14983180.316661483,15038615.843148159,15095189.066913253,15152845.799179345,15211537.081653418,15271218.591526119,15351882.204527633,15432711.153095314,15513726.547262838,15594947.33662995,15676390.608807463,15716977.318550363,15759685.195232462,15804373.50228134,15850916.495759986,15899201.50597501,15906204.160120701,15917215.559258161,15931919.484648945,15950035.444238093,15971313.793637594
All_0.5,Latin America,1583568.1885069385,1605044.2703652252,1624485.1008589233,1643373.8075171337,1661764.4620586827,1679704.8932057386,1697237.5666069454,1719522.049655605,1741308.43379072,1762636.640645754,1783542.8947031188,1804060.1447821702,1829331.3653131635,1853831.1087470308,1877632.040427331,1900798.6401782916,1923388.3280695537,1957136.220838473,1989828.1276254938,2021555.3953751712,2052399.8062123226,2082434.8023058868,2106721.4928750503,2130369.0836345553,2153438.7364215553,2175984.7785398895,2198055.6365719954
All_0.5,Mideast+Africa,2136131.1554832133,2180538.002063327,2204901.5739298863,2228621.299097435,2251760.9730119384,2274377.0297788396,2296519.5797381424,2346275.679011965,2394589.8777921484,2441572.608691809,2487324.0477156686,2531935.283369535,2600062.6025597826,2665466.073886839,2728393.2655056487,2789063.8044888563,2847673.2192759546,2957658.1193605317,3063333.4912081603,3165061.1822734773,3263165.0858300407,3357936.000957326,3465616.6638733675,3568853.5301492335,3668045.9811883434,3763548.619419232,3855677.3855995885
All_0.5,OECD+EU,9533311.222630475,9419376.068462059,9369191.66181777,9324289.762111051,9284212.469308175,9248555.099242821,9216958.68517866,9237544.214479417,9259359.06748574,9282331.013158781,9306394.660519654,9331490.679777758,9307429.386693997,9287154.866817398,9270353.051849216,9256745.504962018,9246084.521889314,9211001.964096274,9179870.89575022,9152385.475066606,9128272.100233166,9107285.282090435,9124562.190967623,9143474.533177823,9163899.403318934,9185727.82486111,9208862.84820699
All_0.5,E. Europe+Russia,1507440.1985133437,1507906.161164871,1497037.6463881424,1487161.851796231,1478192.0969739123,1470051.7711036708,1462672.9140734817,1462894.1212748638,1463429.7211259946,1464259.4862676957,1465365.0910912473,1466729.8951059352,1468756.2084397457,1471085.8738254043,1473695.416708811,1476564.0371034998,1479673.2419371384,1486302.3467336707,1493003.6396108633,1499774.4011777388,1506612.217919689,1513514.9431563187,1517069.8893206578,1520862.5629234149,1524875.5399111232,1529093.3741580115,1533502.3274062502
All_0.75,Asia,14021785.64034378,14248639.511035353,14446769.516067846,14641408.380364548,14832961.2188374,15021787.034834962,15208205.22602333,15302444.637667254,15398219.330378892,15495483.83202727,15594197.52830307,15694324.114686977,15816469.42216394,15939296.06457157,16062828.957803182,16187091.00482861,16312103.379746689,16395018.39931684,16480463.172377056,16568307.750209736,16658436.558062254,16750746.561205028,16799811.14667605,16853260.669132847,16910791.551485103,16972135.051648658,17037052.510684077
All_0.75,Latin America,1583568.1885069385,1609036.9178039448,1632577.1685440768,1655668.3238736778,1678361.231860269,1700700.9435508742,1722727.5307880845,1749688.3518100907,1776264.5480286744,1802493.5994758399,1828409.584837218,1854043.5699290845,1884691.6109053956,1914683.8557984252,1944090.1075052465,1972972.393318097,2001386.035203892,2041568.4072244829,2080834.0249469192,2119271.0941587132,2156958.6826548977,2193967.8914409652,2225076.6344165737,2255649.8876508377,2285748.0309015517,2315424.793933738,2344728.1661074315
All_0.75,Mideast+Africa,2136131.1554832133,2185962.225949057,2215884.8773568664,2245294.2075306615,2274250.296481389,2302806.3894920917,2331009.861464488,2387437.3850133345,2442660.372195561,2496781.7520292825,2549895.01118584,2602085.271483381,2678747.146520601,2752961.0630490063,2824963.7003671243,2894965.1862877537,2963152.7501277984,3085253.5002752845,3203436.754043655,3318050.3933661166,3429406.0267949956,3537783.6364703095,3660314.2317144913,3778727.4168424457,3893414.164495793,4004721.849399018,4112960.206748027
All_0.75,OECD+EU,9533311.222630475,9442807.352214454,9415862.531893784,9394047.25274955,9376937.96721131,9364160.601893269,9355383.58889672,9399602.357319294,9445237.230740633,9492224.235906698,9540505.724929279,9590029.657677587,9589096.003497196,9592009.4370482,9598473.64826572,9608226.21987376,9621033.970293986,9608370.84744426,9599717.402372638,9594783.31599567,9593309.112891966,9595062.215140736,9637178.050856445,9681175.652584143,9726937.97239083,9774361.551500415,9823354.667985445
All_0.75,E. Europe+Russia,1507440.1985133437,1511657.1715160278,1504494.8584951607,1498287.7049819778,1492955.4491312976,1488427.1899768885,1484640.0687735695,1488558.2912058262,1492807.5243446555,1497369.5037919842,1502227.7208999128,1507367.2231544524,1513204.5276213395,1519374.8555715794,1525856.3016678046,1532629.506667928,1539677.3079361063,1550422.4398724195,1561286.9923490118,1572268.8299547222,1583366.1136584815,1594577.2635110335,1602298.535862775,1610300.0628125158,1618565.3224171756,1627079.7230213047,1635830.3402494255
All_1.0,Asia,14021785.64034378,14283995.93662105,14518554.59570916,14750672.172937864,14980735.53287684,15209088.797405357,15436039.394515034,15570230.782273484,15706559.112135518,15844991.551157255,15985499.848896747,16128059.83341567,16293912.272047324,16461192.138191171,16629933.03622465,16800166.771695763,16971923.622666437,17100520.553896975,17232296.34216066,17367136.321188323,17504939.680742875,17645617.714137405,17741217.369678844,17841824.960843857,17947154.08970853,18056952.397425674,18170996.93679535
All_1.0,Latin America,1583568.1885069385,1613029.5652426642,1640689.3407452174,1668024.0068524103,1695082.0117564346,1721906.428863209,1748535.7171375987,1780307.1391403407,1811833.14276876,1843149.666335598,1874289.5291077704,1905282.7895654975,1941583.734542105,1977375.8330674286,2012726.9230799696,2047697.466691713,2082341.567987239,2129420.1482191514,2175760.971138066,2221450.1655030153,2266565.1426607003,2311175.716736194,2349762.6188011263,2387959.8885053075,2425828.027975153,2463421.081475504,2500787.521623081
All_1.0,Mideast+Africa,2136131.1554832133,2191386.4498347864,2226895.468494223,2262050.065586414,2296907.6588622546,2331519.3312086817,2365930.727249752,2429216.503837773,2491573.1295676054,2553097.805453408,2613879.056106158,2673997.7232189737,2759608.977161488,2843100.524905569,2924700.081802758,3004610.149740893,3083011.4907133435,3218016.571279878,3349576.4579951037,3478027.7123614163,3603672.2552314643,3726781.8109711194,3865426.21575983,4000376.8095467035,4132018.523942086,4260693.871423334,4386708.749715459
All_1.0,OECD+EU,9533311.222630475,9466238.635966847,9462649.35444203,9464151.7948662,9470356.304618897,9480919.26593634,9495536.618739448,9564091.322036887,9634372.241996152,9706325.69140982,9779903.874338789,9855064.225321677,9878556.6411095,9906078.015926318,9937351.287245257,9972131.671213042,10010202.23533211,10021833.410875075,10037653.271538604,10057388.620093126,10080795.804250963,10107656.94371283,10177213.847095573,10249045.855259836,10323044.552944329,10399114.82636512,10477173.059663866
All_1.0,E. Europe+Russia,1507440.1985133437,1515408.1818671841,1511970.5978372267,1509468.9105572451,1507829.11219371,1506985.9030976295,1506881.466134495,1514607.415725607,1522700.0681762,1531143.3572345888,1539922.8438571158,1549025.532307832,1558882.7800075242,1569123.3368261352,1579727.2190531602,1590676.873538441,1601956.8455095254,1617139.4355596558,1632512.3781966087,1648074.596093452,1663825.3065057176,1679763.9857281006,1692086.0816631296,1704755.680172783,1717757.6317016792,1731078.6778448534,1744707.1952820844
All_1.25,Asia,14021785.64034378,14319352.362206744,14590517.581371892,14860478.216473324,15129611.264730483,15398254.241892882,15666710.809471939,15842023.619670969,16020287.953682581,16201489.172355153,16385617.090342393,16572665.514645666,16784533.33517634,16998822.516037688,17215582.18252145,17434860.00273935,17656702.449199237,17834523.83779555,18016440.859192587,18202360.744995862,18392204.226222295,18585903.86077851,18732851.71230681,18885714.095215697,19044228.605303895,19208166.240325116,19377326.895692993
All_1.25,Latin America,1583568.1885069385,1617022.2126813834,1648821.617462346,1680441.0082315514,1711927.4179448264,1743322.9120806258,1774665.2959541788,1811384.0535131728,1848023.393535921,1884618.8251823473,1921203.0171529267,1957806.1284754546,2000046.1749978103,2041957.8698574703,2083608.2550530285,2125057.3964469307,2166359.352127063,2220820.955385601,2274767.5690988847,2328284.6717903744,2381449.4511918905,2434331.876192107,2481101.143169187,2527674.5974208564,2574114.1626684857,2620475.5161036435,2666808.952294422
All_1.25,Mideast+Africa,2136131.1554832133,2196810.673720516,2237933.3473419575,2278889.0790950237,2319733.895128351,2360517.9711991707,2401286.466801612,2471620.7337726657,2541340.767787302,2610540.1392906415,2679304.4783505513,2747712.3914195476,2842702.728225684,2935957.5425886502,3027697.977365591,3118121.2684030156,3207404.048547995,3356143.0524893156,3501996.7716761045,3645293.8429611763,3786329.875532333,3925371.7025339776,4081481.8169381893,4234430.7751047965,4384600.7549702525,4532332.720393143,4677932.076875044
All_1.25,OECD+EU,9533311.222630475,9489669.91971924,9509552.129462516,9534604.249630932,9564470.924202878,9598839.697001029,9637434.99121951,9731041.41763242,9826812.89185047,9924709.02146006,10024694.978576552,10126740.892491912,10176006.871632462,10229615.243483689,10287310.681859141,10348868.673696704,10414091.310752647,10451999.183377853,10494410.20169233,10541070.93016847,10591756.302856347,10646266.016692998,10746062.903660148,10848696.823110068,10954072.126774823,11062106.270243498,11172728.058125982
All_1.25,E. Europe+Russia,1507440.1985133437,1519159.1922183402,1519464.864414341,1520705.605872877,1522813.6342884647,1525729.2783249824,1529399.8383076766,1541046.2946876327,1553115.0639115453,1565592.663364211,1578467.1300006465,1591727.851070778,1605821.827797347,1620371.6525850154,1635359.7880602053,1650771.0296341614,1666592.1899297151,1686551.688390297,1706798.7997466873,1727334.1890082967,1748158.8278578632,1769273.961008895,1786664.1838472374,1804497.4910691762,1822760.8044771338,1841442.9128066269,1860534.2226319797
All_1.5,Asia,14021785.64034378,14354708.78779244,14662658.473056037,14970827.85317628,15279593.873704426,15589297.24177509,15900247.666829156,16117872.98352993,16339486.387055345,16565098.71010045,16794725.323985305,17028385.720441356,17288662.459315702,17552620.94456867,17820334.795272157,18091876.725869264,18367318.803128798,18598104.979079105,18834200.393119168,19075543.209802512,19322084.983885482,19573789.068746045,19777260.012854174,19987876.11841467,20205408.482020278,20429661.215713225,20660467.067015093
All_1.5,Latin America,1583568.1885069385,1621014.860120103,1656973.9986954622,1692919.47978932,1728898.0681502242,1764951.9638974979,1801119.4611659017,1842924.7929326894,1884844.5901185507,1926915.2692042906,1969170.693224163,2011642.4779141392,2060118.2369553987,2108482.0693063824,2156801.6866101427,2205138.237179646,2253547.2281497205,2315904.9068901557,2378018.4210088756,2439974.4342869436,2501851.7690855595,2563722.433131817,2619429.394960188,2675188.5825546132,2731065.101874752,2787118.059488565,2843401.4056472597
All_1.5,Mideast+Africa,2136131.1554832133,2202234.8976062457,2248998.5139000686,2295811.453886819,2342729.8423228236,2389804.4362366726,2437081.40180049,2514657.849704321,2591976.061864995,2669128.4136902983,2746200.068335721,2823269.8239507535,2928084.2641880554,3031607.0307685095,3134055.5924040675,3235624.8111768584,3336490.0869583804,3499835.5651483713,3660951.099570287,3820161.636613513,3977760.725805462,4134014.5896249274,4309035.718159908,4481550.305065689,4651942.124874254,4820555.009573707,4987698.361918661
All_1.5,OECD+EU,9533311.222630475,9513101.203471633,9556570.856955236,9605405.478213666,9659285.277167214,9717930.543424025,9781096.051170466,9900483.254684472,10022608.578494474,10147448.969693169,10274986.757816995,10405209.099038873,10481646.672810663,10562882.14129223,10648685.50770435,10738856.306693226,10833219.605972469,10899499.186053839,10970747.568347715,11046734.916584993,11127258.75023793,11212140.498599302,11345185.635593884,11481822.029779397,11621972.538250048,11765573.069585558,11912570.879161607
All_1.5,E. Europe+Russia,1507440.1985133437,1522910.2025694968,1526977.6582265033,1531997.928279716,1537909.5649013086,1544658.6903063946,1552197.9378082475,1567879.7757044737,1584060.3188708513,1600729.2127620673,1617877.5407198477,1635497.6684981354,1654053.228421083,1673161.1486804723,1692807.0526447827,1712978.8232360387,1733666.3035079862,1758761.0209616318,1784269.7609590478,1810195.85436221,1836542.9734104897,1863315.1003591984,1886275.6542500504,1909807.1762411078,1933899.62821698,1958544.8390037874,1983736.2625226963
All_1.75,Asia,14021785.64034378,14390065.213378137,14734977.27076161,15081722.425252104,15430688.832601184,15782231.73920992,16136678.372155506,16397829.202141542,16664235.94466865,16935943.999937706,17213003.690804027,17495469.891700573,17806636.904143464,18123032.01320038,18444764.647047553,18771944.200990565,19104680.298416503,19392378.576089688,19686927.801895257,19988308.85371581,20296516.253641605,20611556.662171163,20877110.386510503,21151408.309321642,21434267.69291215,21725538.805703074,22025100.671784524
All_1.75,Latin America,1583568.1885069385,1625007.5075588226,1665146.4844445675,1705459.573303937,1745994.5816245389,1786795.1627838903,1827901.430447352,1874935.1119581738,1922306.1377040215,1970053.4034228437,2018213.5614854726,2066821.3054960414,2121840.1083018743,2177001.837046026,2232376.661656975,2288028.6313590338,2344016.554220703,2414810.7966460907,2485684.339595445,2556727.3262569844,2628022.552317536,2699646.4512305586,2765100.7567636347,2830916.385454162,2897163.921850134,2963908.2566343346,3031209.411023369
All_1.75,Mideast+Africa,2136131.1554832133,2207659.1214919756,2260090.9681685595,2312817.3957921322,2365896.339558143,2419380.863622847,2473319.886058033,2558335.7036881945,2643491.945503895,2728882.5822292566,2814595.1184113803,2900711.3775783638,3015810.704837863,3130125.776860794,3243873.836084872,3357250.8441815213,3470434.4773129025,3649303.857020203,3826702.4072782076,4002956.5514290757,4178363.0126738446,4353192.7138394965,4548669.243816969,4742429.850957455,4934865.478479033,5126328.519093052,5317138.1937022405
All_1.75,OECD+EU,9533311.222630475,9536532.487224028,9603705.536920205,9676556.34178433,9754802.823247893,9838200.496355437,9926537.272382854,10072447.747595005,10221809.313749896,10374621.395293027,10530888.810231378,10690621.266028326,10795680.516030524,10906146.256040271,11021818.627231527,11142526.252318084,11268122.440352371,11364986.634041648,11467453.398753526,11575321.70430461,11688417.076678481,11806588.30947076,11976112.601836845,12150200.67405192,12328801.505111549,12511877.294275155,12699401.810339112
All_1.75,E. Europe+Russia,1507440.1985133437,1526661.2129206532,1534508.9792737155,1543346.015128606,1553117.454876421,1563775.5204944804,1575278.5376159924,1595112.7545033747,1615543.7373578388,1636564.971983698,1658171.3331094456,1680358.9422341308,1703609.2484268602,1727534.2045235774,1752123.5171843695,1777369.1129171893,1803264.8546948258,1833872.8371371294,1865053.4256786823,1896813.8115256547,1929161.5962472372,1962104.7634490095,1991174.9669858566,2020980.675357127,2051516.17495443,2082777.6561345577,2114762.979298141
All_2.0,Asia,14021785.64034378,14425421.638963833,14807473.974488588,15193163.274906114,15582901.62771968,15977071.745205216,16376031.541689964,16681943.102090765,16994619.169233676,17314150.721069794,17640634.44716741,17974172.433106087,18338801.488928426,18710511.397651818,19089461.268253796,19475811.503835097,19869724.080300175,20218498.33117591,20576026.8596349,20942348.13692249,21317515.045826193,21701593.471202753,22035198.775267415,22379564.338082273,22734569.93028829,23100128.864597414,23476183.88617547
All_2.0,Latin America,1583568.1885069385,1629000.1549975423,1673339.07470966,1718061.4405536174,1763217.5791468099,1808854.0950047527,1855014.4453370266,1907420.8221240416,1960417.558022634,2014047.8473207692,2068352.9913783483,2123372.6652306756,2185252.877725605,2247571.91043363,2310404.5312758097,2373819.8804881875,2437882.311795697,2517682.2879423937,2597942.566293454,2678759.576386224,2760222.9663303914,2842416.551104366,2918485.5413849778,2995293.4791619377,3072919.3422638155,3151436.808238078,3230915.063278328
All_2.0,Mideast+Africa,2136131.1554832133,2213083.3453777055,2271210.7101474265,2329907.110641286,2389234.228016105,2449249.401213892,2510006.30567597,2602662.2255219053,2695901.512673199,2789822.895552399,2884519.4303422477,2980079.2320530456,3105940.450290056,3231592.483055781,3357256.388899283,3483133.3351672925,3609407.4554434507,3804765.034552796,3999523.557373223,4194017.127237765,4388551.970026726,4583410.177404585,4800991.56898721,5017798.929330401,5234237.340151661,5450674.915469748,5667448.05591152
All_2.0,OECD+EU,9533311.222630475,9559963.77097642,9650956.169357402,9748057.70151283,9851027.030712914,9959658.28986448,10073776.258241711,10246966.116845382,10424465.729152244,10606303.28683182,10792512.639981898,10983132.84765091,11118317.455853092,11259681.805973036,11407062.319113582,11560323.141980674,11719352.55108131,11849137.659550652,11985345.378350439,12127810.2466061,12276392.843982747,12430976.659042874,12640447.688918348,12855701.792004049,13076723.869940652,13303512.535206519,13536078.521805692
All_2.0,E. Europe+Russia,1507440.1985133437,1530412.2232718095,1542058.8275559752,1554750.0037703866,1568437.8564164094,1583081.1571638158,1598644.4312765244,1622750.1752835298,1647573.321621189,1673112.0857422145,1699366.0643774406,1726336.106671569,1754522.8776093554,1783534.256300404,1813365.1829404882,1844012.822821366,1875476.2993578378,1911996.2387162913,1949282.7813247861,1987348.4786837548,2026206.4109870042,2065870.1631415503,2101628.7877761,2138328.8710020813,2175970.67512794,2214556.457416037,2254090.2453753445
All_2.25,Asia,14021785.64034378,14460778.064549526,14880148.584236985,15305151.744343676,15736237.758855307,16173831.33978841,16618336.00338084,16970266.01194749,17330719.62374855,17699846.41917523,18077803.011159077,18464752.799342334,18885508.74277616,19315526.108131632,19755030.33957982,20204250.124352083,20663417.710042015,21077658.321432944,21502954.040681645,21939419.29705299,22387184.401533958,22846394.252317913,23254454.735135805,23675761.749159005,24110278.17306051,24558001.726276856,25018961.020399507
All_2.25,Latin America,1583568.1885069385,1632992.8024362617,1681551.7694907405,1730725.2333165817,1780567.6830232125,1831130.3546391313,1882461.7713550495,1940387.7923618904,1999188.4905000844,2058913.4374963716,2119610.7230532956,2181327.207707761,2250398.5526196533,2320248.388364865,2390958.601223607,2462606.0180392773,2535263.214173247,2624668.0716810175,2714976.9965031,2806296.0828503263,2898725.315954977,2992359.489270491,3079971.758342427,3168777.269751108,3258867.019369177,3350327.222441317,3443240.111779124
All_2.25,Mideast+Africa,2136131.1554832133,2218507.569263435,2282357.739836671,2347080.804264612,2412744.3509478387,2479412.207446555,2547145.079205394,2647645.423321124,2749218.0191929303,2851969.9050491564,2956003.3228828167,3061416.4044049056,3198533.2064316077,3336087.8091840725,3474309.771682749,3613410.260534246,3753584.7823630758,3966443.802009834,4179697.6561852125,4393695.477312059,4608760.542563309,4825193.876754897,5066640.9803433595,5308423.799557834,5550970.116516147,5794672.608455721,6039893.991437337
All_2.25,OECD+EU,9533311.222630475,9583395.054728813,9698322.754266841,9819910.418569095,9947961.376362314,10082312.70104524,10222830.742365874,10424069.891263718,10630629.082079016,10842572.776247457,11059971.685562901,11282902.383904925,11449771.221104138,11623769.830247482,11804778.512755806,11992704.91157301,12187480.615009185,12352652.056583608,12525271.889975486,12705218.74699803,12892397.15760041,13086734.578763407,13339871.430782517,13600288.55556381,13868019.10321298,14143110.877006846,14425624.818246167
All_2.25,E. Europe+Russia,1507440.1985133437,1534163.2336229659,1549627.2030732837,1566210.0315559015,1583871.3230823183,1602576.9954277533,1622298.4330027327,1650797.031075145,1680157.1728231006,1710382.8791131936,1741479.5963076565,1773454.0812325506,1806827.843384242,1841205.8206298451,1876589.5853384638,1912982.9993198966,1950391.9642919041,1993244.1456043124,2037095.807905779,2081966.7058409688,2127877.3093779385,2174848.786282069,2217916.525910919,2262178.3036698597,2307642.4332910893,2354319.390291783,2402221.5986610195
All_2.5,Asia,14021785.64034378,14496134.49013522,14953001.100006798,15417689.175770145,15890702.739299865,16372524.672176026,16863620.79792732,17262849.765975684,17672621.901562575,18093160.529450435,18524698.00947404,18967475.58259202,19447119.05748101,19938554.742451116,20442094.093218863,20958054.579982273,21486760.073913474,21971094.307465073,22469220.361581188,22981350.89047152,23507716.837600265,24048566.28585706,24537947.470197853,25043589.782740433,25565564.711292632,26103980.921375472,26658980.5012922
All_2.5,Latin America,1583568.1885069385,1636985.4498749808,1689784.568787809,1743451.1033710495,1798045.5170870514,1853625.5435993574,1910246.6981211521,1973841.9494246037,2038628.6934184283,2104665.230343865,2172008.8728684345,2240716.1904336046,2317320.0772956293,2395088.761678661,2474114.18049199,2554483.8842028086,2636281.818021115,2735922.029348832,2836978.4121585824,2939570.738374193,3043813.4914716603,3149816.760320232,3249965.913056187,3351848.143147405,3455570.9009724883,3561237.549771604,3668948.1600112054
All_2.5,Mideast+Africa,2136131.1554832133,2223931.7931491644,2293532.0572362933,2364338.68249244,2436427.553673799,2509871.4513641144,2584740.657806396,2693293.3840982546,2803454.884330451,2915344.4665663033,3029077.6394456923,3144766.763450249,3293650.010809201,3443694.4164330894,3595143.416177568,3748223.715012696,3903147.9093863866,4134572.707756739,4367518.411839235,4602357.797298188,4839440.094997375,5079094.473539466,5346286.190842009,5615109.217501101,5886024.404430623,6159459.751763678,6435815.460774427
All_2.5,OECD+EU,9533311.222630475,9606826.338481205,9745805.29164852,9892115.354123048,10045609.345528156,10206172.550122337,10373718.58924865,10603790.910303192,10840351.26192308,11083509.152958836,11333381.348492194,11590091.554061227,11790260.307544155,11998698.341251612,12215339.028049044,12440143.16549295,12673095.78477477,12876254.047942545,13088113.08679411,13308606.130891496,13537692.650532095,13775355.555324858,14076144.470210167,14386022.765435964,14705087.069330513,15033450.221939387,15371239.854245573
All_2.5,E. Europe+Russia,1507440.1985133437,1537914.2439741225,1557214.1058256405,1577726.2358359937,1599418.4097936214,1622264.4372552156,1646243.377776457,1679258.3641002437,1713303.492014983,1748389.859761317,1784530.0997774117,1821738.2787721192,1860558.6254119514,1900594.5186909963,1941855.8320806592,1984354.8690778392,2028106.1330170317,2077733.4195774032,2128635.6525197336,2180842.0159797654,2234382.6877391455,2289288.831357436,2340330.909752807,2392871.919085601,2446930.787582003,2502528.8755983124,2559689.7771362565
All_2.75,Asia,14021785.64034378,14531490.91572092,15026031.52179803,15530776.911390882,16046302.095841609,16573165.96094331,17111915.179823663,17559746.707860857,18020411.636514924,18494224.399879295,18981511.32489388,19482610.601329323,20024000.843023382,20580087.744149387,21151291.7230389,21738043.044149175,22340782.317020226,22900085.081212282,23476393.282688085,24070044.42227823,24681397.920589376,25310834.157430004,25888892.123379603,26486817.548923165,27104821.648598313,27743156.533349287,28402111.699029397
All_2.75,Latin America,1583568.1885069385,1640978.0973137007,1698037.4726008656,1756239.20249524,1815651.7066987664,1876341.271650253,1938372.539472958,2007789.278312553,2078748.0450856283,2151318.504760173,2225569.93895593,2301571.4883206547,2386061.351512761,2472151.9441641043,2559948.630950328,2649553.202491612,2741064.637950368,2851603.400853994,2964144.7218262088,3078826.7666385346,3195783.4313755315,3315145.2231746865,3428893.8400394293,3545010.559166224,3663624.645990062,3784862.2052451647,3908846.9813590823
All_2.75,Mideast+Africa,2136131.1554832133,2229356.0170348943,2304733.6623462937,2381680.9511550996,2460284.6835837704,2540629.312642389,2622797.525408119,2739614.2743439884,2858625.69240879,2979967.744157372,3103773.7558645196,3230175.04451329,3391353.25896494,3554497.0119292503,3719869.7371694096,3887720.024065117,4058284.1477622488,4309392.397897889,4563290.503885723,4820384.891913247,5081061.147820014,5345687.404462045,5640627.710346419,5938700.268270957,6240411.408980866,6546237.394546804,6856629.404203792
All_2.75,OECD+EU,9533311.222630475,9630257.622233601,9793403.781502439,9964673.369344613,10143974.432074526,10331246.700556686,10526457.79490018,10786161.32633171,11053684.796311729,11329192.878120279,11612859.022356262,11904865.230920363,12140008.072142169,12384762.479939975,12639125.820470393,12903123.549699841,13176806.239584576,13420693.075128347,13674781.999968464,13939073.568646517,14213595.541528132,14498400.26952083,14851111.16750789,15215069.546673495,15590454.067508068,15977461.981749043,16376307.836366573
All_2.75,E. Europe+Russia,1507440.1985133437,1541665.254325279,1564819.5358130462,1589298.753961506,1615079.672828227,1642144.891487505,1670482.1214504247,1708139.2661352665,1747020.5811203716,1787145.7201889672,1828536.0593309172,1871214.614106433,1915750.470474525,1961747.100828312,2009224.6421097976,2058205.8985609128,2108716.133920826,2165584.991742283,2224050.8095042775,2284154.8546377346,2345939.7866643467,2409449.663659222,2469178.5867252382,2530769.849234711,2594256.114928626,2659672.887980806,2727058.334491213
All_3.0,Asia,14021785.64034378,14566847.341306616,15099239.849610673,15644416.293411218,16203041.368765172,16775769.494193722,17363248.618405856,17861009.694455706,18374175.51314776,18903171.314731162,19448438.144345555,20010432.990424883,20616530.68575099,21240627.66571668,21883279.803878486,22545057.990305368,23226548.802581917,23865953.853906147,24526098.67118314,25207477.06789077,25910609.974285934,26636044.730068706,27310656.334196832,28009402.569654733,28732671.903911766,29480899.223852094,30254562.640325654
All_3.0,Latin America,1583568.1885069385,1644970.74475242,1706310.48092991,1769089.6824673698,1833386.8787459224,1899279.156428321,1966842.6335845427,2042235.8227018737,2119556.5450136927,2198888.764878307,2280316.8068568595,2363925.604332024,2456667.2493267767,2551498.304179737,2648541.41809326,2747916.658240783,2849742.2642125874,2971876.9573593433,3096681.2085562465,3224317.0704004634,3354943.602427818,3488717.752323993,3617201.571448961,3748794.1947710677,3883653.1115031713,4021933.881779843,4163790.9568892224
All_3.0,Mideast+Africa,2136131.1554832133,2234780.2409206238,2315962.555166671,2399107.8160829167,2484316.5901368596,2571687.9816157133,2661320.198869178,2786616.3406116795,2914744.1944267782,3045861.213868878,3180123.588252353,3317686.864365375,3491706.731226623,3668582.3942006845,3848604.206228715,4032049.8590700077,4219186.842930424,4491151.877465446,4767329.964867553,5048172.719982435,5334114.140546144,5625573.9314074665,5950399.274417024,6280084.281445899,6615195.476445698,6956272.790807337,7303834.517983095
All_3.0,OECD+EU,9533311.222630475,9653688.905985992,9841118.223828595,10037585.325403702,10243060.138397519,10457544.059151128,10681066.487491295,10971213.606932655,11270682.857371388,11579705.599015959,11898524.122212574,12227391.535871318,12499242.828976719,12782264.674237216,13076531.231636787,13382146.13400328,13699239.751005175,13986744.61175823,14286225.682096897,14597766.051652446,14921477.770169616,15257499.444364766,15666703.362345867,16089702.255505513,16526779.15989465,16978239.15496636,17444408.236361522
All_3.0,E. Europe+Russia,1507440.1985133437,1545416.2646764352,1572443.4930355,1600927.72328328,1630855.669822471,1662219.7738550948,1695017.5408504254,1737444.8788754253,1781316.8439250547,1826663.3400069016,1873516.2778089033,1921909.5126669365,1972439.4076092388,2024711.4716427359,2078758.3854391265,2134615.855015229,2192322.4308036026,2256923.993790552,2323495.3064042763,2392092.84817524,2462775.043414881,2535602.288604799,2604780.7487641415,2676250.2285308074,2750060.8840499697,2826266.30047377,2904923.340876308
All_3.25,Asia,14021785.64034378,14602203.76689231,15172626.083444733,15758608.664036516,16360926.111851668,16980349.629728653,17617650.798901033,18166692.099544298,18734001.276994664,19320136.518289562,19925677.00755031,20551223.29257962,21225093.509284306,21920689.43700478,22638732.720148664,23379966.851880822,24145158.097297188,24870069.685248867,25620022.827329163,26395704.489160832,27197835.92533444,28027172.31424479,28806767.074113455,29615499.70402736,30453980.735072367,31322874.95920572,32222898.65248534
All_3.25,Latin America,1583568.1885069385,1648963.3921911395,1714603.5937749422,1782002.6950656592,1851251.6616432217,1922440.8234609573,1995660.343085308,2077187.6853748653,2161064.3151055006,2247391.742827582,2336272.755225261,2427811.6802829923,2529183.638263419,2633189.6968959565,2739974.16291455,2849679.979045839,2962449.483597571,3096913.179249077,3234800.7857193,3376304.5917061632,3521615.4975948962,3670923.914982369,3815356.242404701,3963755.138639881,4116313.910343972,4273225.559254907,4434683.641241763
All_3.25,Mideast+Africa,2136131.1554832133,2240204.4648063537,2327218.735697426,2416619.4831062225,2508524.1248615063,2603049.659302963,2700313.2281385097,2834307.9101046277,2971824.309691133,3113046.667563717,3258159.6009565103,3407348.7363845105,3594775.6199594005,3786039.4995358186,3981465.4270887547,4181368.3553497335,4386055.553516709,4680108.779365662,4979964.574179259,5286132.9584083315,5599110.223401002,5919382.233357358,6276369.3335876735,6640192.832242925,7011496.74740092,7390902.874234403,7779015.755256681
All_3.25,OECD+EU,9533311.222630475,9677120.189738385,9888948.618626988,10110852.083470238,10342869.975425273,10585073.576156242,10837562.927999053,11158980.537217056,11491399.26803852,11835130.163595626,12190498.114352914,12557841.894762212,12868197.94678846,13191514.800563075,13527958.245419575,13877725.803790845,14241044.264140911,14575211.001142252,14923426.387489215,15285874.023154017,15662769.211506475,16054356.806548372,16524944.294847531,17012307.606376972,17516860.799837597,18039044.807976313,18579326.541102745
All_3.25,E. Europe+Russia,1507440.1985133437,1549167.2750275915,1580085.9774930023,1612613.2811521583,1646746.9597711244,1682490.5069944488,1719852.5338777562,1767180.3943008697,1816200.7870745063,1866955.788227222,1919489.8810350867,1973849.9192821532,2030662.2635028681,2089536.7155772697,2150521.123866606,2213666.868952654,2279028.715885659,2351879.8931514076,2427128.8959304383,2504851.071014066,2585124.4574435097,2668029.84389405,2747473.7842469416,2829710.04661219,2914810.758401198,3002852.29629402,3093915.1730302074
All_3.5,Asia,14021785.64034378,14637560.192478005,15246190.223300207,15873355.365472123,16519961.892378623,17186920.79521689,17875151.623479214,18476847.817624334,19099977.744944207,19745257.23881267,20413429.856267616,21105267.551102612,21850082.73818552,22620800.63891233,23418343.103923175,24243662.698484175,25097743.98343565,25913848.9549333,26759914.575839072,27636863.748065066,28545663.291817084,29487324.043113057,30380917.77054356,31309470.473128248,32273867.807609297,33275060.471172567,34314061.98477577
All_3.5,Latin America,1583568.1885069385,1652956.0396298587,1722916.8111359626,1794978.3920683267,1869246.685332497,1945827.9061856393,2024829.0551791189,2112651.028652457,2203281.6008502888,2296843.4015207845,2393461.4616019605,2493263.5078012855,2603657.3988212408,2717289.4971710476,2834330.694929299,2954952.017181882,3079325.403610251,3226888.439367869,3378724.2610638062,3535062.684584411,3696134.1524951737,3862170.675123103,4023847.0345390057,4190477.1392082633,4362299.042373416,4539552.6137481,4722480.463026376
All_3.5,Mideast+Africa,2136131.1554832133,2245628.688692083,2338502.203938559,2434216.158055344,2532908.1413554787,2634716.5574335265,2739781.1964165736,2882697.3912661695,3029880.12746045,3181546.2167819072,3337914.814610732,3499208.0859377338,3700626.557285474,3906959.4492530418,4118575.2126923907,4335835.233105111,4559096.235183107,4876529.641293019,5201534.264582629,5534693.585680906,5876582.078432785,6227768.5416498985,6619342.6055310555,7020003.832274207,7430493.935346022,7851537.906306836,8283849.062903496
All_3.5,OECD+EU,9533311.222630475,9700551.473490778,9936894.96589762,10184474.504714143,10443407.462617947,10713844.245375982,10995965.51085373,11349495.222146874,11715888.50841661,12095550.635152312,12488904.546430755,12896391.094592312,13247111.94820822,13612830.348531777,13993820.749728866,14390392.661403181,14802888.494575346,15186922.318673955,15587402.790369233,16004635.065583177,16438959.973011361,16890752.16545639,17427952.692259077,17985391.02850935,18563643.773740914,19163320.978976455,19785065.56602463
All_3.5,E. Europe+Russia,1507440.1985133437,1552918.2853787479,1587746.9891855533,1624355.564918983,1662754.1030273903,1702958.5204648103,1744990.019611894,1797351.0550446105,1851681.0210785973,1908036.3255787354,1966476.3225599667,2027063.3070885728,2090456.678150337,2156273.123005368,2224578.652590406,2295443.498175036,2368942.0053372597,2450586.6321484083,2535117.254086382,2622632.3221355104,2713233.9695043713,2807028.1112024523,2897609.957451267,2991566.0393152377,3088995.751300889,3190003.8510295376,3294700.3982463987
All_3.75,Asia,14021785.64034378,14672916.618063703,15319932.269177107,15988657.739923408,16680154.291120006,17395497.48836428,18135781.21230776,18791531.267708044,19472194.815679338,20178672.712727666,20911902.084140625,21672857.4040503,22491900.464432254,23341501.78243673,24222822.28270401,25137064.928717565,26085476.49831549,26998756.877652455,27947587.424284477,28933176.321103714,29956788.319718257,31019745.460601524,32036975.730942618,33095892.80129997,34197719.83310491,35343759.48673071,36535392.455795676
All_3.75,Latin America,1583568.1885069385,1656948.6870685783,1731250.1330129711,1808016.9252535927,1887372.5812827132,1969442.0459691351,2054352.1817637486,2148632.0748288026,2246218.772527894,2347259.93746856,2451907.008258913,2560315.539448183,2680136.444308631,2803862.633071872,2931697.1063671797,3063844.83404771,3200513.580007649,3361985.1916754637,3528680.6092381137,3700875.500621736,3878848.6809945465,4062883.1253916044,4243186.159291762,4429572.9084452335,4622336.6027462995,4821775.031683923,5028191.566420982
All_3.75,Mideast+Africa,2136131.1554832133,2251052.912577813,2349812.9598900694,2451898.0467606126,2557469.495285871,2666690.898473319,2779728.720316975,2931793.274372684,3088925.908601238,3251382.2966390224,3419422.8142856844,3593313.265989194,3809327.6432788204,4031435.597897244,4260058.663940435,4495614.921321232,4738521.429452707,5080690.190828304,5432391.541753497,5794299.485555737,6167084.771070134,6551418.320193102,6980161.692607049,7420543.713668526,7873427.2364664385,8339665.305848778,8820106.366073295
All_3.75,OECD+EU,9533311.222630475,9723982.757243173,9984957.265640493,10258453.450305346,10544676.127967728,10843865.104273442,11156292.764587471,11542791.088869715,11944205.722179675,12361052.307143323,12793869.077956617,13243217.34103585,13636228.61068549,14046536.588880936,14474543.804079458,14920692.437370434,15385462.541465087,15822737.25970814,16279211.242127834,16755335.646211226,17251602.776698872,17768544.61410282,18377947.02776455,19011582.261663675,19670226.470540274,20354698.024808653,21065857.36014204
All_3.75,E. Europe+Russia,1507440.1985133437,1556669.2957299047,1595426.528113153,1636154.7119345986,1678877.6613029041,1723625.2507650151,1770432.938413432,1827962.1547622543,1887766.2613236625,1949918.4068449237,2014495.3884625556,2081577.6865722835,2151861.120781714,2224972.2168308822,2300998.5427435013,2380032.793371448,2462172.7373935184,2553182.7712688884,2647632.184646823,2745647.411135247,2847359.8548193853,2952906.048135949,3055558.1166349687,3162255.6194350845,3273131.435573798,3388325.288550848,3507983.756851777
All_4.0,Asia,14021785.64034378,14708273.043649398,15393852.221075412,16104517.129595699,16841508.902346183,17606094.277083214,18399569.904608227,19110797.397141278,19850743.480192747,20620524.209060457,21421302.587148465,22254290.179742977,23150957.616736535,24083346.593183566,25052900.73705106,26061119.979970533,27109563.001837764,28126309.06277255,29184921.79052242,30286951.217629995,31434020.272379365,32627826.33022835,33778989.878854364,34979571.19132803,36231203.80253812,37535619.76309659,38894649.177805126
All_4.0,Latin America,1583568.1885069385,1660941.3345072977,1739603.5594059671,1821118.4463996734,1905629.9824899638,1993284.892126687,2084233.159550595,2185137.1066079587,2289886.3264217516,2398657.783621162,2511633.8881147043,2629002.900002322,2758669.741019872,2892975.6200501327,3032161.807559518,3176473.7866794337,3326162.1477781953,3502392.165462943,3684907.253026833,3874038.387831478,4070122.8306112774,4273505.247928686,4473909.882522927,4681685.48370606,4897192.57059682,5120799.733837884,5352884.800987513
All_4.0,Mideast+Africa,2136131.1554832133,2256477.1364635425,2361151.003551957,2469665.3550523547,2582209.0443891035,2698974.9156507603,2820160.4500284498,2981604.132129435,3148976.087256,3322577.669762535,3502717.7577387057,3689713.572936582,3920948.4746418004,4159563.5823789667,4406044.250174802,4660876.684709892,4924550.457631162,5292875.638941603,5672901.917244129,6065413.071545914,6471196.6331751235,6891047.492295952,7359708.767379432,7842889.71048499,8341601.376379547,8856853.66859042,9389660.812714962
All_4.0,OECD+EU,9533311.222630475,9747414.040995566,10033135.517855601,10332789.781413754,10646679.507998807,10975145.234076506,11318563.352484426,11738901.88906473,12176406.723022362,12631721.718155384,13105519.511164706,13598502.316807471,14035797.069141913,14492966.744684694,14970563.913051156,15469186.91172701,15989478.517181667,16483544.05361399,16999947.068778444,17539312.92298771,18102315.429349355,18689675.856502626,19377249.95825363,20093641.201168396,20839868.49340531,21617004.431537993,22426175.73203142
All_4.0,E. Europe+Russia,1507440.1985133437,1560420.3060810608,1603124.5942758005,1648010.859549845,1695118.1976677298,1744492.141350282,1796184.2520272518,1859019.03850351,1924465.329091931,1992615.6832246447,2063567.202210576,2137421.6147428933,2214914.9060614137,2295686.779608238,2379850.1848652847,2467524.3653230346,2558834.8731175107,2659811.6366570615,2764851.830174241,2874115.4541408163,2987769.130786231,3105986.3411977957,3221704.4318692023,3342237.848947281,3467760.210140343,3598453.914119637,3734510.248090813
All_4.25,Asia,14021785.64034378,14743629.46923509,15467950.078995135,16220934.876694357,17004031.333823975,17818725.799662326,18666548.25971602,19434701.685441464,20235715.83237902,21070955.0541028,21941843.814672012,22849868.993676137,23827674.132751554,24846902.301427834,25909328.568269696,27016802.05556785,28171249.272765398,29298073.11987539,30473867.30117423,31700588.205431193,32980285.878214367,34315106.67280168,35611198.814222455,36965547.35176891,38380280.8410814,39857650.96586014,41400033.411387235
All_4.25,Latin America,1583568.1885069385,1664933.9819460171,1747977.0903149513,1834283.1072847885,1924019.5234774763,2017358.1019412288,2114475.450184713,2222172.4675427177,2334294.8860407597,2451053.612237835,2572667.010721979,2699361.3979082885,2839307.3287553117,2984696.595785539,3135815.5835436983,3292957.616379285,3456423.955647835,3648304.565280806,3847650.3535582726,4054858.3032415314,4270335.5584126925,4494500.705172299,4716579.592072812,4947489.650099827,5187672.68172294,5437583.014362406,5697688.867049851
All_4.25,Mideast+Africa,2136131.1554832133,2261901.360349272,2372516.334924223,2487518.2887609,2607127.6484709266,2731570.852982792,2861081.0694772806,3032138.620269357,3210045.272523488,3395155.43026643,3587834.3837638525,3788459.2626788197,4035560.173870855,4291441.372072421,4556663.891430552,4831794.753755663,5117409.619949751,5513380.982127064,5923444.355256569,6348514.932892693,6789520.178676755,7247403.715839967,7758907.328782855,8288172.241502746,8836388.799959507,9404756.985668385,9994492.29098123
All_4.25,OECD+EU,9533311.222630475,9770845.324747957,10081429.722542949,10407484.3592093,10749421.147767423,11107693.759883625,11482796.073232578,11937861.70130009,12412548.001157157,12907646.667015241,13423985.822254874,13962431.240879992,14446071.920375582,14952462.165907854,15482329.305759273,16036454.345627176,16615671.193907343,17170261.404710047,17750745.909799706,18357956.612489287,18992783.383872326,19656173.666150723,20428292.948103312,21234464.0026745,22075998.62889646,22954277.11058562,23870749.42754724
All_4.25,E. Europe+Russia,1507440.1985133437,1564171.3164322171,1610841.1876734968,1659924.145115566,1711476.2765503672,1765560.6426490294,1822246.9436859656,1890527.1030855274,1961787.1525884008,2036142.00471579,2113712.229579755,2194624.204441415,2279658.2105636876,2368470.8811918143,2461204.833328613,2558010.453750978,2659045.999876565,2770621.471944827,2886960.8897667127,3008264.1799068963,3134739.979728824,3266605.9805437676,3396453.163798599,3531994.4544307147,3673452.6260866374,3821061.728324624,3975067.3245396903
All_4.5,Asia,14021785.64034378,14778985.894820787,15542225.842936274,16337912.323424734,17167727.206816643,18033406.764935978,18936747.058142345,19763300.148153756,20627205.079703305,21530110.656318095,22473741.82117815,23459902.846842628,24522479.13420711,25632749.937820196,26792875.97635086,28005113.869650654,29271820.634447243,30515670.311401486,31816445.163241275,33176581.146976113,34598633.94211994,36085283.041433655,37538039.21072499,39059111.29534389,40651220.711928025,42317243.42977261,44060212.60631119
All_4.5,Latin America,1583568.1885069385,1668926.6293847363,1756370.725739923,1847511.0596871574,1942541.8402956112,2041663.3406825745,2145082.540365111,2259744.562475521,2379455.203349959,2504464.337783941,2635031.708327388,2771427.5368918697,2922100.34169051,3079095.355707078,3242751.6519084214,3413418.5395058584,3591456.704198843,3799924.276732213,4017165.1097462,4243654.239637562,4479881.628107297,4726353.66174206,4971782.909959872,5227693.425904698,5494624.388996965,5773133.100228726,6063796.624322987
All_4.5,Mideast+Africa,2136131.1554832133,2267325.584235002,2383908.9540068656,2505457.0537165776,2632226.16940642,2764480.965300859,2902495.296490071,3083405.4781546756,3272148.2501511076,3469139.0077642603,3674808.0206430876,3889601.56691767,4153235.4189182203,4427169.319888504,4712053.042491034,5008548.457933463,5317332.400057223,5742511.313401214,6184411.733632172,6644104.502698744,7122683.052903613,7621267.708571891,8178724.031719784,8757577.398629922,9359233.01058997,9985119.070395645,10636693.232997457
All_4.5,OECD+EU,9533311.222630475,9794276.60850035,10129839.879702535,10482538.044861894,10852904.60086183,11241519.850769492,11649009.861577034,12139704.933401652,12652686.729858523,13188916.228046441,13749400.193012977,14335192.928564219,14867313.329240885,15425372.507357128,16010300.221451597,16623089.92348664,17264798.66759787,17883839.460802794,18532785.09957973,19212710.921956006,19924762.3949388,20670155.480437923,21533621.08629204,22437089.45750935,23382223.189438365,24370772.203186885,25404575.991487596
All_4.5,E. Europe+Russia,1507440.1985133437,1567922.3267833735,1618576.3083062416,1671894.7059826036,1727952.4637377467,1786832.21207967,1848624.0182135883,1922491.797468009,1999740.767975131,2080511.4225219896,2164951.283632694,2253215.1337836515,2346132.089528305,2443379.906923436,2545135.651740769,2651585.9978434886,2762927.4375978224,2885765.5945367455,3014150.8437344134,3148330.2464123843,3288562.1872067973,3435116.8573283562,3580227.4645453137,3732030.8875000356,3890808.774854499,4056857.225635331,4230487.200414814
All_4.75,Asia,14021785.64034378,14814342.320406483,15616679.512898836,16455450.811992193,17332602.156083874,18250151.95245391,19210197.302638914,20096649.34072597,21025305.553947408,21998138.531487964,23017216.318529304,24084706.725483477,25235811.105017286,26441484.634835284,27704333.74836404,29027087.41018038,30412603.110705666,31780777.253659215,33214750.611002408,34717521.449847996,36292240.12619161,37942215.04259455,39564154.563364826,41265812.92807324,43050616.99788583,44922187.84348715,46884345.68709089
All_4.75,Latin America,1583568.1885069385,1672919.2768234562,1764784.465680884,1860802.4553849997,1961197.5705218606,2066202.2816266213,2176057.9419653527,2297859.857981521,2425378.160010156,2558907.119856116,2698753.742004845,2845238.5277440823,3007101.02959957,3176243.3892040285,3353065.721904092,3537982.3404732607,3731423.087689503,3957460.0782889454,4193716.0672366945,4440757.666911793,4699172.229058888,4969569.638549433,5240134.850968661,5523039.613664161,5818938.914386459,6128512.836719095,6452468.571843681
All_4.75,Mideast+Africa,2136131.1554832133,2272749.8081207317,2395328.860799887,2523481.8557497174,2657505.4711399917,2797707.518276914,2944407.8829569253,3135413.5293814647,3335299.9842395973,3544552.171421008,3763674.5946997036,3993192.7096961983,4274048.473357031,4566850.214339542,4872350.77878137,5191322.3621672895,5524559.674990987,5980582.142402898,6456211.319474238,6952700.74892872,7471339.016770865,8013454.625360423,8620170.592970574,9252349.545343205,9911652.065460663,10599778.203046089,11318474.719115635
All_4.75,OECD+EU,9533311.222630475,9817707.892252745,10178365.989334363,10557951.699541472,10957133.42940232,11376632.719890771,11817223.788974956,12344466.324833151,12896880.77205453,13475620.766473629,14081897.042813748,14716979.852461787,15299787.136630371,15912055.910087785,16554949.201351583,17229706.205881413,17937643.03973603,18625260.810070388,19347285.092711225,20105076.54745287,20900081.27211408,21733832.136002034,22695898.104437407,23704705.64993108,24762334.74563852,25870976.416959852,27032936.346935928
All_4.75,E. Europe+Russia,1507440.1985133437,1571673.33713453,1626329.9561740353,1683922.6795018015,1744547.3263752323,1808308.314067417,1875318.5021294719,1954918.623130145,2038335.3204130428,2125738.1914825966,2217305.5297579765,2313224.655740805,2414378.493900598,2520470.5863671927,2631717.7593373754,2748348.708498697,2870604.347870907,3005402.5564688225,3146620.1854079785,3294559.5682932376,3449537.5964173153,3611886.384472595,3773470.2120190696,3942877.4321274967,4120459.741301827,4306587.281533091,4501649.279392055
All_5.0,Asia,14021785.64034378,14849698.74599218,15691311.088882804,16573551.684602065,17498661.829881746,18468976.212650735,19486930.219265003,20434806.362401947,21430112.72203325,22475188.32810095,23572490.728923623,24724601.702284,25968118.072402775,27273715.934058387,28644513.757505048,30083784.720460407,31594964.612619568,33095127.66749295,34670955.43039211,36326101.63498121,38064411.90553171,39889932.11222701,41694404.30003017,43591474.14959251,45585402.990666896,47680695.901372746,49882109.644460335
All_5.0,Latin America,1583568.1885069385,1676911.9242621756,1773218.3101378318,1874157.446156532,1979987.353260843,2090976.6060745413,2207405.192154434,2336524.8828137526,2472074.7686264636,2614399.36613557,2763859.30786273,2920832.3002759423,3094362.7794376817,3276213.91653832,3466856.0548427547,3666778.467007304,3876490.9396644533,4121127.859291082,4377577.437137787,4646512.988480234,4928635.617971794,5224676.400315022,5522279.029444379,5834307.419700166,6161553.396630923,6504842.5048520295,6865036.507628226
All_5.0,Mideast+Africa,2136131.1554832133,2278174.032006461,2406776.055303285,2541592.900690645,2682966.41968537,2831252.788449403,2986823.614995013,3188171.682387079,3399515.6189599824,3621419.0340439584,3854470.638954871,4099285.924176881,4398075.217056995,4710589.332612421,5037699.8841358125,5380306.406600725,5739339.930760542,6227919.724838168,6739265.259831158,7274842.889001814,7836168.967012719,8424815.489322051,9084305.776404763,9773794.02974127,10495242.233798621,11250672.003828363,12042172.897433273
All_5.0,OECD+EU,9533311.222630475,9841139.176005138,10227008.051438425,10633726.184417935,11062111.204041176,11513041.624591773,11987457.064251987,12552180.949087733,13145188.686965946,13767851.953975162,14421613.061009537,15107988.204301113,15743764.969284294,16412879.186323818,17116761.3868684,17856933.593438197,18635011.117307525,19395541.50704921,20195510.934418432,21036612.74025216,21920644.733822938,22849511.750181004,23917911.603624623,25040656.908026107,26220321.26566639,27459618.91941754,28761410.127578232
All_5.0,E. Europe+Russia,1507440.1985133437,1575424.3474856862,1634102.131276877,1696008.2030240004,1761261.432966615,1829990.4200610807,1902333.4437524746,1987813.1344493497,2077580.065111216,2171836.7725260644,2270796.490770029,2374683.607858892,2484440.287659927,2599801.02260081,2721028.2783884415,2848399.1423208513,2982205.8459667554,3129696.30996338,3284574.660287045,3447207.655454445,3617980.57923919,3797298.141712197,3976644.8789412207,4165090.360807358,4363069.124497963,4571039.132353152,4789482.707814951
All_5.25,Asia,14021785.64034378,14885055.171577876,15766120.570888191,16692216.283459716,17665911.889962815,18689894.467015628,19766977.258457314,20777828.860133935,21841723.196924634,22961411.85298579,24139792.238472696,25379915.0390335,26719857.79107249,28130068.09941057,29614249.473005984,31176298.69958031,32820316.15695342,34460514.17993787,36187310.56312052,38005119.02642992,39918593.70512222,41932640.55625337,43933873.27124689,46042201.48589724,48262868.31905403,50601421.96742979,53063727.49684797
All_5.25,Latin America,1583568.1885069385,1680904.5717008952,1781672.2591107676,1887576.183779975,1998911.8291443156,2115988.003371994,2239127.853517969,2375746.228350472,2519556.1740058754,2670958.735369854,2830375.0433258438,2998247.515446131,3183940.1372882146,3379081.9264702206,3584223.525812684,3799940.1277080863,4026833.382447781,4291150.844295729,4569033.424817355,4861278.013245178,5168717.784020673,5492224.87771535,5818888.916177608,6162314.144886776,6523453.138788801,6903302.776883632,7302907.376876605
All_5.25,Mideast+Africa,2136131.1554832133,2283598.255892191,2418250.537517061,2559790.394369692,2708609.88312562,2865119.063249277,3029747.313112539,3241688.9310605465,3464810.480282954,3699764.056212976,3947233.3018884347,4207935.469662358,4525393.177378205,4858494.49466737,5208246.940475405,5575696.049751639,5961929.483679534,6484861.401519962,7034011.087879649,7611091.128722882,8217881.9936899915,8856238.678787127,9572237.460592141,10323280.016975835,11111681.825212862,11939842.54467388,12810255.734047364
All_5.25,OECD+EU,9533311.222630475,9864570.459757531,10275766.066014728,10709862.36066122,11167841.503962737,11650755.86651023,12159729.034260374,12762884.216091132,13397669.736793367,14065702.78438554,14768687.239709063,15508417.957667697,16199524.351454908,16928218.007951736,17696234.824297745,18505420.801956836,19357735.13144207,20195732.128501393,21078773.777432963,22008939.443595458,22988436.365586918,24019603.753914144,25202578.49818397,26448451.060454443,27760375.679627962,29141683.814356014,30595891.79994487
All_5.25,E. Europe+Russia,1507440.1985133437,1579175.3578368428,1641892.8336147673,1708151.4139000438,1778095.353374124,1851880.0085498812,1929671.913305402,2021180.9390818335,2117484.3683837825,2218821.835146955,2325446.0520703928,2437623.4221187346,2556361.265440831,2681430.722073072,2813146.382636239,2951840.777408149,3097865.1158434884,3258816.37780557,3428227.5127431974,3606539.9632149218,3794218.524487001,3991752.5458144182,4190236.437939229,4399253.141592905,4619334.629238405,4851042.452154662,5094969.059444794
All_5.5,Asia,14021785.64034378,14920411.597163571,15841107.958914997,16811445.950770494,17834358.011576053,18912921.708261836,20050370.096102215,21125775.03251334,22260234.74860703,23456963.09719015,24719351.851422008,26050980.29076503,27491497.930507347,29011180.436410867,30614396.48111533,32305753.922192365,34090113.11699542,35878790.17821685,37766148.79285257,39757479.56650003,41858372.22391873,44074730.86512055,46287881.632857256,48624399.27658408,51090676.34841084,53693485.798309244,56439997.68890264
All_5.5,Latin America,1583568.1885069385,1684897.2191396146,1790146.3125996916,1901058.8200335465,2017971.6403311635,2141238.170928317,2271229.514179652,2415530.5490446035,2567833.6544238413,2728603.1403831686,2898328.033492718,3077523.577663513,3275888.8306794716,3484924.2146092257,3705271.6867327928,3937604.391968898,4182628.9806125024,4467759.823943583,4768378.56906184,5085424.443593077,5419883.138221973,5772790.125422337,6130669.147330792,6507916.949637955,6905673.96004316,7325137.816297167,7767567.317951217
All_5.5,Mideast+Africa,2136131.1554832133,2289022.4797779205,2429752.307441214,2578074.542617187,2734436.7316131317,2899308.6410259805,3073183.8323730957,3295974.3553558313,3531200.077720615,3779612.050450338,4042000.356304799,4319196.648861583,4656081.5608903505,5010676.118379442,5384142.419432561,5777692.415124356,6192592.707585044,6751755.947257648,7340902.24505842,7962027.426319434,8617216.476240138,9308651.472143054,10085124.79202397,10902243.446008254,11762735.195627438,12669441.71092943,13625330.11023081
All_5.5,OECD+EU,9533311.222630475,9888001.743509924,10324640.033063268,10786361.089441244,11274327.916883357,11789784.791682955,12334059.184538549,12976611.87461617,13654383.893452177,14369267.58954819,15123260.906949405,15918472.931638813,16667348.818451568,17458457.09864734,18293880.776137743,19175835.349007774,20106673.475169618,21026918.859957673,21998432.44666829,23023739.502054118,24105521.68607916,25246623.081615802,26552950.684869684,27931767.011719577,29386905.887610264,30922423.22818701,32542607.614238545
All_5.5,E. Europe+Russia,1507440.1985133437,1582926.368187999,1649702.063187706,1720352.4494807739,1795049.6588184168,1873978.5650802455,1957337.0030196782,2055027.698344976,2158057.7087143795,2266708.2599066724,2381276.466870918,2502076.1349381027,2630186.170450981,2765420.625036717,2908153.3467847607,3058780.0909709786,3217719.5282113235,3392938.0286697024,3577799.740496822,3772832.254348878,3978592.343960387,4195667.546881762,4414752.304116886,4645977.698114662,4889989.731386348,5147471.531124479,5419145.158190705
All_5.75,Asia,14021785.64034378,14955768.02274927,15916273.252963219,16931242.028739758,18004005.883466873,19138073.000496298,20337140.63461059,21478703.633720435,22685746.315146234,23961998.262107216,25311404.445020974,26738137.4113939,28283516.265391942,29917707.617578235,31645833.017362684,33473307.478040725,35405856.50658836,37351871.71747216,39409887.51582914,41586201.76019238,43887481.95252151,46320785.312360786,48761995.1369033,51344783.43952308,54076882.38535471,56966496.374508396,60022324.99724363
All_5.75,Latin America,1583568.1885069385,1688889.8665783345,1798640.470604604,1914605.5066954668,2037167.4305074066,2166728.814235726,2303713.787923009,2455884.562875352,2616918.6228999416,2787350.7511155107,2967745.8175690933,3158700.647266702,3370265.791276537,3593819.422502477,3830106.8307728376,4079912.292302691,4344061.898522569,4651193.39251674,4975918.091896689,5319338.379932752,5682615.22787003,6066972.317342429,6458356.887429976,6872014.696179021,7309304.656337288,7771658.528975722,8260585.915787638
All_5.75,Mideast+Africa,2136131.1554832133,2294446.7036636504,2441281.365075746,2596445.5512634595,2760447.8373696245,2933823.831073448,3117138.0625604074,3351037.1219080607,3598700.1060807505,3860988.185430504,4138810.2083050464,4433125.825404461,4790221.285625065,5167247.275740424,5565540.775960269,5986502.441354467,6431602.267086461,7028963.929858492,7660408.619615515,8328256.282375144,9034941.21937823,9783021.652662113,10624180.427273093,11512190.115833927,12450256.938589204,13441736.824533626,14490149.283471804
All_5.75,OECD+EU,9533311.222630475,9911433.027262319,10373629.95258405,10863223.23192793,11381574.039051425,11930137.790651591,12510467.139972342,13193400.014708886,13915391.84535592,14678642.055320112,15485477.76026541,16338360.855334,17147528.032094255,18003990.42969735,18910224.03914804,19868864.05225425,20882711.460754044,21890224.613751687,22955895.053080942,24082760.945774477,25274051.324656904,26533194.52373743,27972220.946204595,29494462.64913747,31104545.230848532,32807371.034476563,34608133.424209185
All_5.75,E. Europe+Russia,1507440.1985133437,1586677.378539156,1657529.8199956936,1732611.4471170343,1812124.9218785856,1896287.5822726118,1985331.8272402764,2089359.127601536,2199309.677828251,2315511.14095814,2438310.361479526,2568074.397317802,2705960.712690288,2851833.136566591,3006132.5970611502,3169326.6388204014,3341910.761730508,3532242.4575270917,3733520.3570936383,3946370.973398353,4171456.9968926273,4409479.351692416,4650723.316557443,4905905.724771134,5175805.4202779615,5461247.5602193335,5763106.045557422
All_6.0,Asia,14021785.64034378,14991124.448334964,15991616.453032855,17051605.859572846,18174861.207877085,19365363.479389124,20627321.003995154,21836673.977492712,23118358.013825912,24476675.78585144,25916188.825048238,27441732.86087209,29096400.869238563,30850320.01407547,32709460.51032379,34680149.83166976,36769094.29815071,38881739.48365429,41121031.598373115,43494420.75301534,46009810.890974626,48675585.847479925,51362035.846543126,54210395.83677964,57229952.72280232,60430576.890957706,63822753.01684642
All_6.0,Latin America,1583568.1885069385,1692882.5140170536,1807154.7331255039,1928216.3955439532,2056499.8448861907,2192461.64688851,2336584.3143134373,2496815.0518019428,2666822.6284826617,2847219.997690799,3038656.3953782236,3241819.653182709,3467129.1779535296,3705848.07747299,3958838.0581654934,4227008.9291281,4511322.062045235,4841698.1923648855,5191968.259376935,5563420.842293047,5957417.476886051,6375397.7804059535,6802723.248518274,7255549.87128975,7735489.574599262,8244245.972544903,8783620.672840739
All_6.0,Mideast+Africa,2136131.1554832133,2299870.92754938,2452837.710420654,2614903.626138836,2786644.0746861403,2968666.9536560923,3161614.9283434516,3406886.4846526464,3667326.4472336047,3943917.990230028,4237701.906366182,4549780.44160782,4927895.0138689475,5328323.750138839,5752600.543963835,6202339.0359625695,6679239.356988772,7316858.079508755,7993017.102044171,8710405.55647254,9471856.630197499,10280359.175491706,11190672.867541665,12154698.906514974,13176196.270056626,14259116.540761752,15407620.730098747
All_6.0,OECD+EU,9533311.222630475,9934864.311014712,10422735.824577065,10940449.649291191,11489583.475247324,12071824.298568262,12688972.665457694,13413285.0701261,14180755.004248053,14993923.237729128,15855483.900659978,16768293.43339185,17640357.8981026,18565221.419577334,19545803.26928101,20585213.539752264,21686762.09707447,22786810.17937945,23952620.658141416,25187819.351957936,26496264.31414437,27882057.247924536,29463729.097070433,31140583.095187094,32918163.446268193,34802357.24618449,36799413.41840395
All_6.0,E. Europe+Russia,1507440.1985133437,1590428.388890312,1665376.1040387293,1744928.544159666,1829321.7164921497,1918808.5598382263,2013659.5225308859,2124180.9966456746,2241249.9817719962,2365245.7885945635,2496570.740649103,2635651.485133361,2783731.5874754465,2940732.158172809,3107169.7628695695,3283593.1367672337,3470584.9274175367,3676916.9712699438,3895626.6626123297,4127453.6336419834,4373182.033421164,4633643.175059013,4898704.760269313,5179710.059367947,5477592.021561373,5793341.026956174,6128008.099859458
