EnergyScenario,50.0,62.5,75.0,87.5,100.0,112.5,125.0,137.5,150.0,162.5,175.0,187.5,200.0,212.5,225.0,237.5,250.0,262.5,275.0,287.5,300.0
All_0.0,145.45292887351442,145.45292887351465,145.45292887351454,145.45292887351442,145.45292887351462,145.45292887351474,145.45292887351457,145.45292887351448,145.45292887351454,145.4529288735147,145.45292887351457,145.45292887351448,145.4529288735149,145.4529288735149,145.4529288735146,145.45292887351474,145.45292887351485,145.4529288735148,145.45292887351465,145.45292887351457,145.4529288735148
All_0.25,153.45992449745768,151.5099836712795,149.5573034966963,147.6060997500695,145.64887160335903,143.6731180250469,141.70273439236755,139.72994362053666,137.76470729418196,135.81918888374142,133.85553857267612,131.89553107073408,129.93100323183128,127.97688878385426,126.0298854820648,124.08776978537502,122.14475067376043,120.18815796066839,118.25030490162585,116.31118462837497,114.36953561497315
All_0.5,161.7266942152621,157.78835183379817,153.82174462598186,149.83780857883428,145.8521200755932,141.82418223541185,137.80869829139968,133.81934663335178,129.79947293305574,125.8389980464247,121.86067119588752,117.89552887418152,113.94610726202706,109.94849789556126,105.93336311601568,101.9085275567234,97.77553993293965,93.6201615498632,89.46591108819818,85.39012818028868,81.3237571147907
All_0.75,170.28372196365157,164.27640707424257,158.24856334826393,152.17189856986406,146.06166135490216,139.89986955433622,133.78084265839607,127.67082088358218,121.57388857433085,115.52051810189752,109.39184455987984,103.20872372047188,96.85454407353305,90.50198399362685,84.23310272506725,78.08706773766949,71.97681269574754,65.97398445027478,60.12400212392118,54.58363884269088,49.31968823920049
All_1.0,179.20877513873626,171.01633074863207,162.83140687560993,154.59090789410814,146.27843465314584,137.90489598207964,129.56301925156757,121.28891773569639,113.0002695237222,104.58719655454559,95.93652628073822,87.31889008185823,78.89626821170924,70.68936212607309,62.58465181126148,55.054759437778195,48.0750738756143,42.04508485288883,37.01559924245753,33.05675379095121,29.771790439412232
All_1.25,188.50300743748753,178.06186016185407,167.59368231658905,157.1058725758716,146.51375855511083,135.8397868657401,125.2149397765266,114.64733544786156,103.81169816729387,92.749209066269,81.90415369173962,71.38881126452006,61.29074777275989,52.004765439152614,44.00686114269868,37.70956749074394,32.99124722803727,28.894356038404087,25.44934408710529,22.41210472090313,19.721415767892374
All_1.5,198.21767843829548,185.38677919605712,172.5657769212964,159.73082578966037,146.75389861777242,133.66907613873624,120.69650884824442,107.56717118224825,93.96575368933561,80.70225679845413,67.93719678809097,56.26951661218217,46.122376094259934,38.558514688045186,33.00308954678411,28.197597332511556,24.286402448809067,20.8781062193048,18.044044958504266,15.729667881205428,13.718354357592425
All_1.75,208.3442049366035,193.04014977206953,177.7433181164675,162.43924286705357,146.9948697394096,131.42883055754515,115.95764001413148,99.84625620371203,83.94204495711129,68.73470630284646,55.10002019000621,44.15627785299299,36.55789847627957,30.59282876083346,25.702053899407375,21.636987238066368,18.295653636308245,15.690257298498672,13.422545200804255,11.451192603577024,9.73756596346079
All_2.0,218.9106387593532,201.02388665312878,183.15839339907654,165.263744483203,147.2516157284042,129.10933594124793,110.85086270818621,91.95726097844305,73.87063219424262,57.730932035622835,45.13542766360682,36.65472984533735,30.000024090843745,24.740449576771283,20.398410311888313,17.088405366626564,14.388259801790626,12.063478118053562,10.071044558072389,8.479876722367363,7.192678244928875
All_2.25,229.92366632232495,209.35411418139398,188.78923451708624,168.20440286343657,147.51301235835652,126.68764221131562,105.3049328795205,83.9420462425015,64.45044529331908,48.79432592347579,38.658136465040485,30.98303434549931,25.013032409857583,20.330478178387015,16.74547714802154,13.833502674360012,11.356199466015093,9.4135129299344,7.823188145995301,6.591425676904285,5.6784254417300986
All_2.5,241.3737283367448,218.0413802266773,194.65881403057114,171.2758259250591,147.7810363219499,124.1773887232609,99.57200414899239,75.96649156303876,56.01419375330378,42.716126402705186,33.61752134680239,26.56154103813058,21.212930712256725,17.21894720798661,14.02257471577971,11.307283290671352,9.177413123939674,7.580755724970361,6.3909446309818785,5.454255859385586,4.6181985780772985
All_2.75,253.32207584249323,227.10285860826323,200.7906190289036,174.47593682203356,148.06499373798488,121.50819392471128,93.76354975300512,68.59735179871515,49.77620628224374,38.165246983303106,29.542551792740152,23.14537115572462,18.442854153030535,14.82005667790106,11.764855805462117,9.412299547141231,7.673985537508089,6.451873215503933,5.417621780656106,4.557729117310422,3.850247529969117
All_3.0,265.76120611022117,236.54894328167146,207.193846082363,177.81523867570968,148.36148483141307,118.60667521388349,87.94517159633457,62.005596222322204,45.24244917569621,34.35501081441794,26.30118842787638,20.54038920818431,16.26552114458501,12.746395142588678,10.047547851165477,8.063374198611315,6.7173200032881555,5.576026054086699,4.643919384125314,3.8850364659266616,3.260950413605851
All_3.25,278.6782218532761,246.36297786018298,213.8626090593039,181.2936589284461,148.6533621908567,115.43978087460879,82.22935382959577,56.69685695332604,41.69392950174593,31.16384259124757,23.867337147843834,18.4995719236254,14.354864465676203,11.140487920637016,8.787188211385429,7.2001951587957045,5.929578039931958,4.880395211832209,4.046118803531344,3.3647176053375496,2.8090776638777215
All_3.5,292.13250530727225,256.57306208586255,220.82367359006747,184.9301915827086,148.96007392388194,112.08762081585577,76.98723894493148,52.64317352679045,38.65938348222599,28.674935023054175,21.86672304105943,16.765548390828965,12.79493756744373,9.912337353646874,7.949588850396605,6.488171714654188,5.266607973857565,4.336091531679707,3.5655243554514975,2.9507840913526815,2.450194882363908
All_3.75,306.09721325479967,267.2350970238941,228.0823721521499,188.72295344674987,149.27570184106585,108.75513686587017,72.39445332213131,49.63615641263419,35.929680914155966,26.72603226814393,20.259421078855052,15.323564876383276,11.58486850377538,9.048593750265812,7.283191658553238,5.846193902056875,4.75124922408726,3.885189396191636,3.189129992117894,2.6179642065595923,2.16457940187995
All_4.0,320.6538850612976,278.2980420557323,235.6296313030923,192.67900631745897,149.6154700645165,105.49900308696184,68.17827170505666,47.13847022021319,33.821743725858155,25.100439495351644,18.79921333551021,14.076972540755474,10.632383889847874,8.383743640033519,6.679340409675,5.3356245216312574,4.325090478400037,3.5220804948854334,2.8725907921434035,2.354103054071114,1.9270002156883073
All_4.25,335.8465676353694,289.82961607752867,243.48651085375056,196.79187252851037,149.97099857518654,102.27356747981176,64.79486281971815,45.020058987336874,32.20765456114474,23.79560182621553,17.657239028402632,13.061876676022019,9.94895481753924,7.812480031387455,6.149003963436775,4.919070426464661,3.960892758324024,3.219258782850174,2.6147748147473315,2.1272809792072875,1.7151475305775592
All_4.5,351.6547611320851,301.83470541065634,251.67198092186004,201.079729579862,150.32751007166752,99.25110645935744,62.06487596930281,43.18215457481747,30.82495243801791,22.63822091710153,16.58013337954848,12.233478436026985,9.38718423348251,7.307627459356062,5.724454151811239,4.573478638440564,3.66847675515493,2.950206982576314,2.3846859142180628,1.917215625121432,1.5377560248434574
All_4.75,368.1817061249653,314.3093141327302,260.1815270073771,205.54855939657995,150.711989754466,96.46771846934986,60.12187092200653,41.5862645833407,29.784488643003275,21.683361884522665,15.70942384979498,11.673455338786434,8.857441336605982,6.839805565265115,5.364207979923851,4.2616951272058206,3.4189189302337284,2.7403250672748527,2.2009074290974358,1.752431673038126,1.373635871775261
All_5.0,385.44622786140036,327.32283070865327,269.04855013009603,210.20324449176994,151.12408736847092,93.91107452914186,58.592154803286725,40.32043391711116,28.891553960681417,20.793233109005964,14.988245838596866,11.149983319673868,8.425611447108832,6.456294450963985,5.059798329900169,4.012470114264793,3.1888012472898373,2.5474128426996328,2.0191090304459327,1.5934522743638453,1.2382871878265027
All_5.25,403.38878195609595,340.8914018250036,278.2840892090072,215.0347749302281,151.65003688247202,91.40993294995819,57.45493658692031,39.51209689370977,28.139584785796423,20.106989038519153,14.456261715083413,10.715970668577723,8.024298019697854,6.124105624444437,4.803802725718238,3.792947956261499,3.0088325361591206,2.3877121611129564,1.8792361100713582,1.4590271235716814,1.1015627819805056
All_5.5,422.1107013880812,355.0348685621975,287.9224441487164,220.07646708851024,152.2230456232579,89.02073971777958,56.53301998407469,38.81326941132291,27.526611831897316,19.45446906796744,13.99627162001748,10.294103290016803,7.656925568440856,5.851902924617528,4.576612900123468,3.599462505918523,2.829607522176234,2.227818479855365,1.738054671882451,1.336622085876176,0.9847487654007465
All_5.75,441.6158358018851,369.7751071629661,297.99542428472955,225.31877362984497,152.94166015139393,87.01493380309407,55.783081365975505,38.341891213803386,27.042032015895302,18.913390075137425,13.642681621703476,9.913347548204522,7.325624465316378,5.607867016441096,4.372612794904725,3.4239664807436543,2.692653004567002,2.1059106816542417,1.6129563411536987,1.215671241432577,0.8816729643616917
All_6.0,461.94777568809286,385.1688387568135,308.448622956646,230.81406578975907,153.7588882820149,85.47426896429039,55.23623139405896,37.94839754649596,26.595394577549463,18.521239108059234,13.296369238328609,9.599207981231604,7.074610345113049,5.408208107082915,4.196798229730267,3.275617689785892,2.557805792408973,1.9848103250499034,1.5107107715266748,1.104907625317707,0.8097553597625498
