Model_Scenario,Category,Demand_GrowthRate,Demand_Growth,Renewables_GrowthRate,Renewables_Growth,TFC_GrowthRate,TFC_Growth,shares_2024_2050
AIM/CGE 2.1_CD-LINKS_NDC2030i_1000,C4,3.1701477457091842,31010.802888,7.297005868831485,43043.532096,3.1701477457091842,31010.802888,1.3880173387144457
AIM/CGE 2.1_CD-LINKS_NPi2020_1000,C3,2.5328527539716594,22386.640787999997,5.737598586623727,31148.941715999998,2.5328527539716594,22386.640787999997,1.3914075814669298
AIM/CGE 2.1_CD-LINKS_NPi2020_400,C1,3.934279153721665,42009.799404,7.374125181214075,54803.878404,3.934279153721665,42009.799404,1.3045498712565098
AIM/CGE 2.1_CO_Bridge,C3,1.339070589326452,9647.627303999994,3.5452237790809082,12260.719668000005,1.339070589326452,9647.627303999994,1.2708533696069084
AIM/CGE 2.2_EN_INDCi2030_1000f,C3,2.3177299349282476,22562.910444000005,6.0382804249137445,32029.689947999996,2.3177299349282476,22562.910444000005,1.4195726224015317
AIM/CGE 2.2_EN_INDCi2030_1200,C4,2.274569394948611,22014.477684,5.910930547734816,30770.14474800001,2.274569394948611,22014.477684,1.3977231342792011
AIM/CGE 2.2_EN_INDCi2030_1200f,C4,2.082181227227764,19639.037664,5.424449535517195,26292.953268,2.082181227227764,19639.037664,1.3388106748324633
AIM/CGE 2.2_EN_INDCi2030_1400,C4,2.028143691208606,18991.708104,5.16169611659878,24081.054108,2.028143691208606,18991.708104,1.2679772654534476
AIM/CGE 2.2_EN_INDCi2030_1400f,C4,1.9821776906398858,18447.775703999996,5.015280586334581,22907.126868,1.9821776906398858,18447.775703999996,1.2417283923846218
AIM/CGE 2.2_EN_INDCi2030_800f,C3,2.8316001957261028,29556.192084000006,6.8095796486951965,40520.119128000006,2.8316001957261028,29556.192084000006,1.370951948506764
AIM/CGE 2.2_EN_INDCi2030_900f,C3,2.4997368499535044,24940.295064,6.318708128696104,34940.172768000004,2.4997368499535044,24940.295064,1.4009526622816222
AIM/CGE 2.2_EN_NPi2020_1000,C3,2.266821295503285,22106.885076000006,4.761884070442934,28036.564968,2.266821295503285,22106.885076000006,1.2682277431494615
AIM/CGE 2.2_EN_NPi2020_1000f,C3,2.0805227249724556,19754.380224000008,4.508550239789222,24483.375180000003,2.0805227249724556,19754.380224000008,1.2393896899005032
AIM/CGE 2.2_EN_NPi2020_1200,C3,2.105784340856376,20067.044124,4.507828643628398,24644.826984,2.105784340856376,20067.044124,1.2281244228951993
AIM/CGE 2.2_EN_NPi2020_1200f,C4,2.0098173808862585,18882.793836,4.513816604917276,23769.018036,2.0098173808862585,18882.793836,1.2587659560570124
AIM/CGE 2.2_EN_NPi2020_1400,C4,1.9887096948143945,18652.308732,4.48493551977962,23469.294060000004,1.9887096948143945,18652.308732,1.258251425987602
AIM/CGE 2.2_EN_NPi2020_1400f,C4,1.9698596133888246,18426.079524000004,4.49704876758017,23222.029835999998,1.9698596133888246,18426.079524000004,1.2602805608080254
AIM/CGE 2.2_EN_NPi2020_300f,C1,2.9278672842627973,31252.155528,6.080042536204866,43991.51904000001,2.9278672842627973,31252.155528,1.4076315152273682
AIM/CGE 2.2_EN_NPi2020_400f,C2,2.74128650545582,28523.659487999994,5.854491584210475,40972.388640000005,2.74128650545582,28523.659487999994,1.4364352041587523
AIM/CGE 2.2_EN_NPi2020_500f,C2,2.616901560134477,26772.297167999994,5.5264279000026395,36858.50400000001,2.616901560134477,26772.297167999994,1.3767404331689441
AIM/CGE 2.2_EN_NPi2020_600,C1,3.1329334228962447,34397.10154799999,6.33224422911971,47562.9714,3.1329334228962447,34397.10154799999,1.3827610251877613
AIM/CGE 2.2_EN_NPi2020_600f,C2,2.4551558729605016,24571.404443999996,5.141577800725283,32372.834064000002,2.4551558729605016,24571.404443999996,1.3175003544376158
AIM/CGE 2.2_EN_NPi2020_700,C3,2.8605900900419368,30254.020128,5.9982622831764365,42878.23554,2.8605900900419368,30254.020128,1.4172739807334342
AIM/CGE 2.2_EN_NPi2020_700f,C3,2.3068642181200305,22621.687368000003,4.835604435034457,28862.447699999997,2.3068642181200305,22621.687368000003,1.2758751029699047
AIM/CGE 2.2_EN_NPi2020_800,C3,2.6716798022369037,27537.052787999997,5.683507895040418,38788.46394,2.6716798022369037,27537.052787999997,1.4085916978342397
AIM/CGE 2.2_EN_NPi2020_800f,C3,2.204997917816942,21317.605271999997,4.566852308239189,25886.092944,2.204997917816942,21317.605271999997,1.2143058572343755
AIM/CGE 2.2_EN_NPi2020_900,C3,2.4551558729605016,24571.404443999996,5.141577800725283,32372.834064000002,2.4551558729605016,24571.404443999996,1.3175003544376158
AIM/CGE 2.2_EN_NPi2020_900f,C3,2.1465512855775692,20575.351452,4.524210921228944,25047.159168000002,2.1465512855775692,20575.351452,1.217338096334939
AIM/Hub-Global 2.0_1.5C,C1,3.0034200759925245,27281.9046,5.623555082515397,32069.209776000003,3.0034200759925245,27281.9046,1.17547547527162
AIM/Hub-Global 2.0_WB2C,C3,1.804190496669933,14069.358792000003,4.52140622670103,20565.861804,1.804190496669933,14069.358792000003,1.461748336085791
COFFEE 1.1_CO_2Deg2020,C4,1.6055696748696668,11702.304225609292,5.824878406233225,25885.391377782158,1.6055696748696668,11702.304225609292,2.2119909787625103
COFFEE 1.1_CO_2Deg2030,C4,1.4331453814550033,10495.989839618214,5.476557410252969,24491.488928589315,1.4331453814550033,10495.989839618214,2.3334139326377414
COFFEE 1.1_CO_Bridge,C3,2.530870984895195,20265.691703806264,4.897870308155694,27664.345410524365,2.530870984895195,20265.691703806264,1.3650827129344172
COFFEE 1.1_EN_INDCi2030_1000,C4,1.8628524791443057,14439.213596684163,5.913460248632685,28196.64751226644,1.8628524791443057,14439.213596684163,1.9527827691905293
COFFEE 1.1_EN_INDCi2030_1000_NDCp,C4,2.218687798532981,18233.016558002677,5.938459425650633,30705.491441572623,2.218687798532981,18233.016558002677,1.6840598671038687
COFFEE 1.1_EN_INDCi2030_1200,C4,1.5983102017610662,11962.528957230523,5.357530850507497,23546.76908295836,1.5983102017610662,11962.528957230523,1.968377185722586
COFFEE 1.1_EN_INDCi2030_400f,C2,2.4224615289855533,20238.88495807815,6.4022890048167636,32821.16853440239,2.4224615289855533,20238.88495807815,1.6216885763413635
COFFEE 1.1_EN_INDCi2030_500,C3,4.49162623036814,50033.8649042012,8.857504591002874,66004.42376104121,4.49162623036814,50033.8649042012,1.319194986983686
COFFEE 1.1_EN_INDCi2030_500f,C2,2.1022721813401812,16823.628133128044,6.133445421316952,30212.056516399054,2.1022721813401812,16823.628133128044,1.7958110032702963
COFFEE 1.1_EN_INDCi2030_600,C3,4.310014454771638,46784.573300766744,8.581540812944732,61267.62523158153,4.310014454771638,46784.573300766744,1.309568964917276
COFFEE 1.1_EN_INDCi2030_600_NDCp,C3,4.235417347163772,45990.98919177656,8.250610478613263,60470.421152685805,4.235417347163772,45990.98919177656,1.314831931544935
COFFEE 1.1_EN_INDCi2030_600f,C4,1.5306719402967461,11354.731726513655,5.573456543145228,25280.509336872434,1.5306719402967461,11354.731726513655,2.226429469737418
COFFEE 1.1_EN_INDCi2030_700,C3,4.0427319046013155,42252.603926919124,8.169578001627965,54733.71534581093,4.0427319046013155,42252.603926919124,1.2953927156887033
COFFEE 1.1_EN_INDCi2030_700f,C4,1.1541646086162372,8150.5368642098765,5.17458522492622,22145.768635899847,1.1541646086162372,8150.5368642098765,2.717093242427373
COFFEE 1.1_EN_INDCi2030_800,C3,3.469677629438306,33464.54660341231,7.5296578805669645,45741.89437986441,3.469677629438306,33464.54660341231,1.3668762622709554
COFFEE 1.1_EN_INDCi2030_800f,C4,0.8787095156761682,5988.083522081106,4.77983568703777,19322.674906998123,0.8787095156761682,5988.083522081106,3.226854608113866
COFFEE 1.1_EN_INDCi2030_900,C3,2.677147109618372,23152.66169439437,6.692851757493545,35832.675745014356,2.677147109618372,23152.66169439437,1.547669819478683
COFFEE 1.1_EN_INDCi2030_900f,C4,0.7706346561948685,5179.133560021004,4.510061400721255,17540.690580813098,0.7706346561948685,5179.133560021004,3.3868002007544216
COFFEE 1.1_EN_NPi2020_1000,C4,1.8763993437716842,14145.14677986069,6.015957233142832,27800.710172171348,1.8763993437716842,14145.14677986069,1.9653885961616826
COFFEE 1.1_EN_NPi2020_1200,C4,1.108886422381361,7610.093274921292,5.213638206684124,21037.935250509316,1.108886422381361,7610.093274921292,2.7644779755642226
COFFEE 1.1_EN_NPi2020_400,C1,3.505572034089788,41808.77884339268,5.388992536497184,53698.32344537054,3.505572034089788,41808.77884339268,1.2843791407185967
COFFEE 1.1_EN_NPi2020_400_lowBECCS,C3,3.4430017548456204,42821.317688820556,5.249411699812945,55889.49716728563,3.4430017548456204,42821.317688820556,1.3051792934871973
COFFEE 1.1_EN_NPi2020_400f,C2,2.515076241262615,20600.877237783956,6.308388066886761,32517.90609352934,2.515076241262615,20600.877237783956,1.5784719125401332
COFFEE 1.1_EN_NPi2020_400f_lowBECCS,C3,3.4507590772167918,32048.71201546589,6.61221846729696,41922.18382085272,3.4507590772167918,32048.71201546589,1.308077023520388
COFFEE 1.1_EN_NPi2020_500,C3,4.012770243584507,43628.362102088984,6.342497316920936,53266.2236836739,4.012770243584507,43628.362102088984,1.2209081688428418
COFFEE 1.1_EN_NPi2020_500f,C2,2.1493364148157834,16779.453451376205,6.224282490170685,30244.267310811523,2.1493364148157834,16779.453451376205,1.8024584292005632
COFFEE 1.1_EN_NPi2020_600,C3,3.9455886655612726,40335.81428877455,6.796301795627424,50231.48912670216,3.9455886655612726,40335.81428877455,1.2453322193294998
COFFEE 1.1_EN_NPi2020_600f,C4,1.6055696748696668,11702.304225609292,5.824878406233225,25885.391377782158,1.6055696748696668,11702.304225609292,2.2119909787625103
COFFEE 1.1_EN_NPi2020_700,C3,3.588051185511265,34237.91507554093,6.601181958099223,44044.33229574212,3.588051185511265,34237.91507554093,1.2864198126131445
COFFEE 1.1_EN_NPi2020_700f,C4,1.3213778858297331,9317.69816710487,5.561367050590427,23401.464508089182,1.3213778858297331,9317.69816710487,2.511507036223338
COFFEE 1.1_EN_NPi2020_800,C3,3.1014089231018893,27469.078117181343,6.439672130135943,38016.465890409265,3.1014089231018893,27469.078117181343,1.3839731252804857
COFFEE 1.1_EN_NPi2020_800f,C4,1.1118404420629835,7632.03087570897,5.234266698769652,21132.91018318371,1.1118404420629835,7632.03087570897,2.768975981274524
COFFEE 1.1_EN_NPi2020_900,C3,2.551213727214341,20992.59643257274,6.303331560166803,32555.69299471099,2.551213727214341,20992.59643257274,1.5508178371016843
COFFEE 1.1_EN_NPi2020_900f,C4,1.0374769896370761,7058.383393741464,5.059891475183931,19799.696716351868,1.0374769896370761,7058.383393741464,2.8051319419554184
"GCAM 5.2_NGFS1_Immediate 2C with CDR (Orderly, Rep)",C4,3.2643185494677818,39635.333182925606,5.127893452893928,35350.47341542608,3.2497096912573076,39325.913469189596,0.8918929292779255
GCAM 5.3_NGFS2_Below 2°C,C3,3.155827672978573,32211.70080166213,6.320718317073237,39672.64616892001,3.1462475541371937,32068.3714578288,1.2316222112330342
GCAM 5.3_NGFS2_Delayed Transition,C4,3.714619682485276,40497.07559057066,7.98084288370231,53301.488389080005,3.6967607659501356,40198.770694404,1.3161811714002065
GCAM 5.3_NGFS2_Divergent Net Zero Policies,C2,3.7792697759829297,46170.61201823813,5.785618270561876,54184.92939204,3.7542677919390144,45698.9454054048,1.1735804881823115
GCAM 5.3_NGFS2_Net-Zero 2050,C2,3.5142867030418135,37654.98986909453,6.4228984955984725,48280.96633500001,3.489337072198695,37254.2892725112,1.2821930507177428
GCAM 5.3_R_MAC_30_n0,C1,3.239501025108127,40040.00490962838,4.252979732678752,22731.853088605792,3.239501025108127,40040.00490962838,0.5677285290027396
GCAM 5.3_R_MAC_35_n0,C3,3.5391098608186455,42303.065173873634,5.070450236542512,24990.910144596015,3.5391098608186455,42303.065173873634,0.5907588502601082
GCAM 5.3_R_MAC_35_n8,C1,3.7870449166727216,48300.74736086017,5.462401854964094,30987.685714319825,3.7870449166727216,48300.74736086017,0.6415570650037241
GCAM 5.3_R_MAC_40_n0,C3,3.695000394143144,43468.794024320014,5.502465861131878,26018.183729393902,3.695000394143144,43468.794024320014,0.5985485522059156
GCAM 5.3_R_MAC_40_n8,C1,3.967476156997418,49660.7879422744,5.964135685000382,32215.301978413794,3.967476156997418,49660.7879422744,0.6487070244608442
GCAM 5.3_R_MAC_45_n0,C3,3.785558223777641,44020.18842191167,5.750292393719003,26456.37885176934,3.785558223777641,44020.18842191167,0.6010055794899848
GCAM 5.3_R_MAC_45_n8,C1,4.068501564396221,50237.691190732614,6.232710374655692,32461.515301919204,4.068501564396221,50237.691190732614,0.6461585819833099
GCAM 5.3_R_MAC_50_n0,C3,3.881439346831206,44974.49677494708,5.913036448673603,26729.83531754343,3.881439346831206,44974.49677494708,0.5943331717817733
GCAM 5.3_R_MAC_50_n8,C1,4.13761404744577,50591.11870183663,6.368766895563871,32157.16661866419,4.13761404744577,50591.11870183663,0.6356286922253168
GCAM 5.3_R_MAC_55_n0,C3,3.6024456104355895,39663.78158044581,5.586668558128571,23410.456622962723,3.6024456104355895,39663.78158044581,0.5902225075408354
GCAM 5.3_R_MAC_55_n8,C2,3.9404405378128393,46174.96933655089,5.990229507424671,27582.74094419955,3.9404405378128393,46174.96933655089,0.5973526640193301
GCAM 5.3_R_MAC_60_n0,C3,3.3837119299374496,35819.505902948134,5.337847145453001,21147.14739752822,3.3837119299374496,35819.505902948134,0.5903807678091869
GCAM 5.3_R_MAC_60_n8,C2,3.6991500618777318,41450.65613547778,5.6982356168236326,24497.681629310937,3.6991500618777318,41450.65613547778,0.59100829548373
GCAM 5.3_R_MAC_65_n0,C3,3.218173183548134,33075.90253331507,5.143822284863697,19528.436841578507,3.218173183548134,33075.90253331507,0.5904128185741526
GCAM 5.3_R_MAC_65_n8,C3,3.495893353583468,37757.76835801068,5.464348673005315,22271.89756492937,3.495893353583468,37757.76835801068,0.5898626569704077
GCAM 5.3_R_MAC_70_n0,C4,3.0963894406901282,31139.12103524978,4.986234788666644,18305.13722863416,3.0963894406901282,31139.12103524978,0.5878501582595274
GCAM 5.3_R_MAC_70_n8,C3,3.3317672780125873,34944.01090694824,5.27894209118398,20641.297558098537,3.3317672780125873,34944.01090694824,0.5906962887879089
GCAM 5.3_R_MAC_75_n0,C4,3.005938465129532,29743.22529646185,4.854737742934567,17344.159303187953,3.005938465129532,29743.22529646185,0.583129742329967
GCAM 5.3_R_MAC_75_n8,C3,3.2025043631244587,32822.974943204536,5.124551023184187,19374.504113891137,3.2025043631244587,32822.974943204536,0.5902726412647222
GCAM 5.3_R_MAC_80_n0,C4,2.9370086655513328,28704.155345178955,4.7455157161667705,16582.468692320916,2.9370086655513328,28704.155345178955,0.5777027225818037
GCAM 5.3_R_MAC_80_n8,C4,3.1026251640246194,31236.65483561821,4.9949057223585225,18370.19258892972,3.1026251640246194,31236.65483561821,0.5880973070132576
GCAM 5.3_R_MAC_85_n8,C4,3.0246265482476886,30028.677999656767,4.8828958785137155,17545.88923123202,3.0246265482476886,30028.677999656767,0.5843044183108085
GCAM 5.3_R_MAC_90_n8,C4,2.9626792032466875,29088.529612212227,4.787077488303293,16868.529952090503,2.9626792032466875,29088.529612212227,0.5799031500378278
GCAM 5.3_R_MAC_95_n8,C4,2.9121640644140134,28335.927948525037,4.704307297201704,16304.076570666253,2.9121640644140134,28335.927948525037,0.5753853059015462
GCAM 5.3_SSP_SSP2,C3,3.70837526832688,43265.947946397755,5.832179943249116,27996.01867793572,3.70837526832688,43265.947946397755,0.6470681911932227
GCAM 5.3_SSP_SSP3,C2,2.9669214290857227,30206.367196408326,4.722715768727803,17913.821018749244,2.9669214290857227,30206.367196408326,0.5930478465771706
GCAM 5.3_SSP_SSP4,C2,3.3960010590342593,37814.0399508675,5.550674339845751,25801.93798700361,3.3960010590342593,37814.0399508675,0.6823375132762477
GCAM 5.3_SSP_SSP5,C3,4.873040948620999,72710.68982086584,6.58819574882048,38079.021870743716,4.873040948620999,72710.68982086584,0.5237059635186703
GEM-E3_V2021_EN_INDCi2030_1000,C3,2.3935817307261686,23698.89666189986,5.973465532997757,33951.34287159013,2.3935817307261686,23698.89666189986,1.4326128070836681
GEM-E3_V2021_EN_INDCi2030_1000_COV,C3,2.3995178732669986,22402.404670891112,5.985291427051331,31303.03116485833,2.3995178732669986,22402.404670891112,1.3973067456250523
GEM-E3_V2021_EN_INDCi2030_1000_COV_NDCp,C3,2.4136455844222082,22693.054541248657,5.648574118447569,29935.669877426593,2.4136455844222082,22693.054541248657,1.3191555955154999
GEM-E3_V2021_EN_INDCi2030_1000_NDCp,C3,2.40964113610469,23973.345647053182,5.85489097207994,33811.58392380511,2.40964113610469,23973.345647053182,1.4103823647143408
GEM-E3_V2021_EN_INDCi2030_1000f,C4,2.3441731406606214,23055.5255591248,5.4734171600435255,28906.573355050765,2.3441731406606214,23055.5255591248,1.2537807165107224
GEM-E3_V2021_EN_INDCi2030_1000f_COV,C3,2.324133526831229,21479.114051158227,5.5424813393629035,27160.56335861893,2.324133526831229,21479.114051158227,1.2645104120183364
GEM-E3_V2021_EN_INDCi2030_1000f_COV_NDCp,C3,2.3114208930576696,21434.380458516,5.28268920345909,26539.939871166705,2.3114208930576696,21434.380458516,1.2381948674715364
GEM-E3_V2021_EN_INDCi2030_1000f_NDCp,C4,2.342026853946244,23089.06070546544,5.337298470927898,28572.45660653043,2.342026853946244,23089.06070546544,1.2374889117844023
GEM-E3_V2021_EN_INDCi2030_1400,C4,2.0984606901714997,19968.894489420796,5.043498228734866,25022.41515673056,2.0984606901714997,19968.894489420796,1.253069626362493
GEM-E3_V2021_EN_INDCi2030_1400f,C4,2.0984606901714997,19968.894489420796,5.043498228734866,25022.41515673056,2.0984606901714997,19968.894489420796,1.253069626362493
GEM-E3_V2021_EN_INDCi2030_600f,C2,2.370280518270862,23394.51390691805,6.525638301164971,40258.7378815424,2.370280518270862,23394.51390691805,1.7208623372865801
GEM-E3_V2021_EN_INDCi2030_600f_COV,C2,2.370283825221464,22042.333399431744,6.606171937326111,37890.071720795124,2.370283825221464,22042.333399431744,1.7189682704723057
GEM-E3_V2021_EN_INDCi2030_600f_COV_NDCp,C2,2.3786219747391035,22258.27191986523,6.3400033601097805,37212.718698335244,2.3786219747391035,22258.27191986523,1.6718601889809495
GEM-E3_V2021_EN_INDCi2030_600f_NDCp,C2,2.388942747851752,23701.092099369707,6.384893400244462,39882.89349545268,2.388942747851752,23701.092099369707,1.6827449692292153
GEM-E3_V2021_EN_INDCi2030_800,C3,2.336355566145487,22954.438981758976,6.618445292793962,41401.551130738604,2.336355566145487,22954.438981758976,1.8036402964863942
GEM-E3_V2021_EN_INDCi2030_800f,C2,2.3869638785588343,23612.27178155662,6.181363842947207,36230.47762708964,2.3869638785588343,23612.27178155662,1.534391860396466
GEM-E3_V2021_EN_NPi2020_1000,C3,2.319872986286642,22913.49972148547,5.087757672536064,28168.537491408286,2.319872986286642,22913.49972148547,1.2293424327928084
GEM-E3_V2021_EN_NPi2020_1000_COV,C3,2.257641164793922,20870.921504987928,5.034741630486428,25864.256490700456,2.257641164793922,20870.921504987928,1.2392484196023243
GEM-E3_V2021_EN_NPi2020_1000f,C4,2.2060872839271717,21428.09212424739,4.9529408881663795,26555.41846765903,2.2060872839271717,21428.09212424739,1.2392805814760202
GEM-E3_V2021_EN_NPi2020_1000f_COV,C3,2.1809646458649024,19888.889379520846,5.006245685932176,24801.730764383305,2.1809646458649024,19888.889379520846,1.2470143652124237
GEM-E3_V2021_EN_NPi2020_1400f,C4,2.0390774456182426,19304.208801149383,4.739873859631039,23815.512344023446,2.0390774456182426,19304.208801149383,1.233695335009299
GEM-E3_V2021_EN_NPi2020_400f,C2,2.3003074332524243,22870.986698974048,5.423619523929357,36277.02581981941,2.3003074332524243,22870.986698974048,1.5861591936235413
GEM-E3_V2021_EN_NPi2020_500,C1,2.3034777356926384,23014.192504604205,4.915023566290722,36496.96214131185,2.3034777356926384,23014.192504604205,1.585845870282448
GEM-E3_V2021_EN_NPi2020_500f,C2,2.3171732071942897,23036.539359302747,5.312836273183241,33923.14608105361,2.3171732071942897,23036.539359302747,1.4725799544780396
GEM-E3_V2021_EN_NPi2020_600,C2,2.279822202741255,22779.246923771985,5.174965192618242,36716.11007495393,2.279822202741255,22779.246923771985,1.6118228226692475
GEM-E3_V2021_EN_NPi2020_600_COV,C1,2.2825014355112305,21514.470008972996,5.321518278231552,35276.08402165917,2.2825014355112305,21514.470008972996,1.639644574416504
GEM-E3_V2021_EN_NPi2020_600f,C2,2.339547662119701,23324.667342582485,5.238979545645117,32147.18023836397,2.339547662119701,23324.667342582485,1.378248176756405
GEM-E3_V2021_EN_NPi2020_600f_COV,C2,2.347397806866325,22154.719851875157,5.090666468365734,29437.71130263569,2.347397806866325,22154.719851875157,1.3287331773750282
GEM-E3_V2021_EN_NPi2020_800,C3,2.347799287700658,23404.671683226512,5.292622709976702,33537.22407786502,2.347799287700658,23404.671683226512,1.4329286277448716
GEM-E3_V2021_EN_NPi2020_800f,C3,2.338829147798638,23163.96596159707,5.086482217534227,28341.99766307119,2.338829147798638,23163.96596159707,1.2235382192349376
IMAGE 3.0_CO_2Deg2020,C3,1.1586169299714566,8568.862222914002,3.9091802261535857,15504.139254130107,1.1575867957841934,8560.084057499997,1.8093579813514185
IMAGE 3.0_CO_2Deg2030,C3,1.049160846471553,8201.434317171712,3.975045175628966,16691.96656113857,1.0210297924147183,7952.508545624994,2.0352496789725976
IMAGE 3.0_CO_Bridge,C3,1.0807618656233142,8415.309300619178,3.785517112509984,16166.45099591793,1.0551412657136439,8188.575172500001,1.9210762692618373
IMAGE 3.0_EN_INDCi2030_1000,C4,1.2451597519039792,10076.735817095152,4.300870402546075,19149.134525435762,1.2324559217891107,9957.395486249996,1.9003311065225421
IMAGE 3.0_EN_INDCi2030_1000f,C4,0.7897280512555005,6030.054065284177,3.650005439523629,14827.038695925497,0.7889039237319206,6023.102469374997,2.4588566761427115
IMAGE 3.0_EN_INDCi2030_1200,C4,0.8547735564020886,6576.477851107109,3.829209383596166,15946.25766323184,0.8537887814252354,6568.045366875005,2.4247413317977475
IMAGE 3.0_EN_INDCi2030_1200f,C4,0.7542971977451574,5733.389317456305,3.326330499943575,12917.004310571523,0.7535292505441715,5726.967669374997,2.2529438688636487
IMAGE 3.0_EN_INDCi2030_1400f,C4,0.9378570752208049,7298.963432919572,3.287995757669848,12700.526506232527,0.9372540969469378,7293.677197499997,1.7400452301145917
IMAGE 3.0_EN_INDCi2030_800f,C3,1.2522975757466304,10151.80993643386,4.378905188878246,19714.70710759532,1.2387877360549249,10024.590097499993,1.9419893822914427
IMAGE 3.0_EN_NPi2020_1000,C3,1.1324289867312043,9009.054764788289,4.124016972126809,18047.835466673758,1.1304095552897797,8990.622404062498,2.0032995622596683
IMAGE 3.0_EN_NPi2020_1000f,C3,0.9980224597507803,7757.446633023475,3.7853917522953973,16016.706045668368,0.9974783697128675,7752.664434374998,2.064687880350372
IMAGE 3.0_EN_NPi2020_1200,C4,0.8087215792971447,6278.364663587083,3.6953999948058147,15461.128294912303,0.8081921109342138,6273.821309999996,2.462604376038065
IMAGE 3.0_EN_NPi2020_1200f,C4,1.0956146110425058,8646.828533082473,3.7631817555864533,15745.38693152816,1.095102657280811,8642.205644062502,1.820943583105279
IMAGE 3.0_EN_NPi2020_1400,C4,1.0218475643717584,8154.51511899415,3.6400255403203463,14980.955582989387,1.0213276009626737,8149.809484687499,1.8371362814809853
IMAGE 3.0_EN_NPi2020_1400f,C4,1.1557569570875836,9232.29366624876,3.527672137318527,14137.971206750282,1.1552253895442677,9227.400893437494,1.5313606475101202
IMAGE 3.0_EN_NPi2020_600f,C3,1.6210364351954443,13746.50542209069,4.373348880536376,21548.400195181686,1.5124656126917824,12643.773573749997,1.567554773633837
IMAGE 3.0_EN_NPi2020_800,C3,1.5943298007236928,13392.380727778262,4.658802407943008,22663.100110199863,1.5416704523809832,12860.553067499994,1.692238338415247
IMAGE 3.0_EN_NPi2020_800f,C3,1.0580886935364076,8288.487706867556,4.025600802864182,17636.93196685397,1.0565319908733883,8274.616343437498,2.127882985486075
IMAGE 3.0.1_ADVANCE_2020_1.5C-2100,C2,1.6725898870253886,12027.864930000003,4.342694463504482,18787.94466509519,1.6725898870253886,12027.864930000003,1.5620348893538152
IMAGE 3.0.1_ADVANCE_2020_Med2C,C4,0.9787563381668418,7166.048064374994,3.3731493180008787,12437.161810010894,0.9787563381668418,7166.048064374994,1.7355677352822267
IMAGE 3.0.1_ADVANCE_2020_WB2C,C3,1.2111314715388843,8610.695310937495,3.642751276341194,13774.6254076334,1.2111314715388843,8610.695310937495,1.5997111627137204
IMAGE 3.0.1_ADVANCE_2030_Med2C,C4,0.7831769344429862,5687.665480312506,2.6905820176126083,8924.416559420522,0.7831769344429862,5687.665480312506,1.5690825331257308
IMAGE 3.0.1_ADVANCE_2030_WB2C,C3,0.6350417340762249,4525.781304374996,3.300920189625467,11958.014744964321,0.6350417340762249,4525.781304374996,2.6421989797440526
IMAGE 3.0.1_CD-LINKS_INDC2030i_1600,C4,0.5633003827389071,4141.434586875002,3.214071172735311,10692.86259930132,0.5633003827389071,4141.434586875002,2.5819223689271937
IMAGE 3.0.1_CD-LINKS_NDC2030i_1000,C3,0.5326938114591284,3898.5852993750013,3.3961183287976926,11604.617013340516,0.5326938114591284,3898.5852993750013,2.976622575168716
IMAGE 3.0.1_CD-LINKS_NPi2020_1000,C3,0.7813174095956166,5741.290429687502,3.6329563806451137,12854.77064058338,0.7813174095956166,5741.290429687502,2.2390037219007337
IMAGE 3.0.1_CD-LINKS_NPi2020_1600,C4,0.8382409976320115,6234.263458125002,3.555538053631735,12359.132021934054,0.8382409976320115,6234.263458125002,1.982452635335233
IMAGE 3.0.1_CD-LINKS_NPi2020_400,C2,1.5094751133735151,10863.659387812499,4.391804667643884,17695.102304075146,1.5094751133735151,10863.659387812499,1.6288344168749038
IMAGE 3.0.1_EMF30_ClimPolicy,C3,1.3535970911133344,9297.640773081577,3.9395102793642334,13676.483898300481,1.353393428763705,9295.9792959375,1.470962820793903
IMAGE 3.0.1_EMF30_ClimPolicy+SLCF,C3,1.3772824717162457,9492.14861216908,3.9572213121033872,13773.21899571144,1.3770807684484243,9490.492685625002,1.4510117317436395
IMAGE 3.0.1_EMF30_Slower-to-faster,C4,0.7165945420452235,5098.394278283322,3.307435416277249,11502.49489630259,0.708953220903652,5039.084518125001,2.2561014838137607
IMAGE 3.0.1_EMF30_Slower-to-faster+SLCF,C3,0.7556938931037926,5405.268223445721,3.3379301065456612,11658.86067573095,0.7481432118674025,5346.070880625,2.156943965363244
IMAGE 3.0.1_EMF30_Slower-to-faster+SLCF+HFC,C3,0.7556938931037926,5405.268223445721,3.3379301065456612,11658.86067573095,0.7481432118674025,5346.070880625,2.156943965363244
IMAGE 3.2_SSP1_SPA1_19I_D,C2,2.4129182455065568,19809.488822617095,5.962286415000562,29051.477265765814,2.4083804947809817,19760.1210478125,1.4665435098252944
IMAGE 3.2_SSP1_SPA1_19I_D_LB,C1,2.504369542405027,20130.845573748753,5.999490836028021,30776.838788722605,2.478789140850579,19856.341418437503,1.52883984311402
IMAGE 3.2_SSP1_SPA1_19I_LI,C2,2.101123289750584,16363.291058479474,5.826703793053323,27551.49078756866,2.0966709873920797,16318.891344375003,1.6837377449991302
IMAGE 3.2_SSP1_SPA1_19I_LIRE,C2,3.2032510479917953,29439.781143096978,5.766673322604454,26933.478364000228,2.3772769459227128,19518.5079703125,0.9148667998952015
IMAGE 3.2_SSP1_SPA1_19I_LIRE_LB,C1,3.4113770517125497,31746.56459559698,6.274538011213293,33449.23590564731,2.5036671396642785,20571.5679028125,1.0536332460453524
IMAGE 3.2_SSP1_SPA1_19I_RE,C2,3.525210842461224,33680.46841332792,7.033402158374646,40071.92180320595,2.8528001890275156,24839.80473375,1.1897673545225642
IMAGE 3.2_SSP1_SPA1_19I_RE_LB,C1,3.4715084247668004,32652.787241452923,6.885722209349665,40694.25742747604,2.7366725396185343,23263.151701875006,1.246272090849703
IMAGE 3.2_SSP1_SPA1_26I_D,C3,2.6432220707938825,22382.694533015427,5.592461229856793,25567.17214339685,2.6420386426071696,22369.073670937505,1.1422740950909276
IMAGE 3.2_SSP1_SPA1_26I_LI,C3,2.38380007763499,19277.866974896748,5.242812939844788,22566.18209226344,2.38328923600315,19272.407120624997,1.1705746347170396
IMAGE 3.2_SSP1_SPA1_26I_LIRE,C3,3.00663315911871,26864.166801221978,4.987502518511278,20596.17651606934,2.6897362026333527,23013.3856284375,0.7666784035577264
IMAGE 3.2_SSP1_SPA1_26I_RE,C3,3.3569345641987214,31307.49177853625,6.831088879813341,37539.816995605375,3.0772019084643443,27610.608845624996,1.1990681738784925
IMAGE 3.2_SSP2_SPA0_26I_D,C3,1.9703696389518077,15338.528604811927,3.2041042654203045,9187.930219303522,1.9711854212904667,15338.085455624998,0.5990098826311886
IMAGE 3.2_SSP2_SPA1_19I_D_LB,C1,2.5773014057763,20706.73595083626,4.108215910305346,15645.042967806741,2.5481083832750606,20391.277873125004,0.7555533139048359
IMAGE 3.2_SSP2_SPA1_19I_LIRE_LB,C1,3.4581633771711084,32081.611963096977,6.160388668871386,32387.694702571527,2.546670974782983,20845.5863503125,1.0095407531213405
IMAGE 3.2_SSP2_SPA1_19I_RE_LB,C1,3.682375007477834,35468.34902811958,6.434561149343243,35044.86090029123,2.784079639846837,23684.879881875,0.9880601116366424
IMAGE 3.2_SSP2_SPA2_19I_D,C2,2.22420827108063,17223.220391915234,4.527623063173292,17789.312885000814,2.216862259615038,17149.40830125,1.0328679817249107
IMAGE 3.2_SSP2_SPA2_19I_LI,C1,2.0003569043274494,14962.1426847953,4.667666074140642,18353.088678205953,1.9860323157777637,14826.640463437503,1.2266350525353946
IMAGE 3.2_SSP2_SPA2_19I_LIRE,C2,3.5159525948153414,32959.01562322375,6.227217012855757,32400.25846502137,2.587120187911207,21343.653970312498,0.9830469099990757
IMAGE 3.2_SSP2_SPA2_19I_RE,C2,3.5668049054702333,33530.149394161264,6.445931552703854,34810.69921101084,2.6576746169635346,22042.688621250007,1.0381909964610108
IMAGE 3.2_SSP2_SPA2_26I_D,C3,2.2378772465430297,17309.315008110327,4.27848447887178,15855.508740318899,2.2327874251358404,17258.140089375003,0.9160101790792852
IMAGE 3.2_SSP2_SPA2_26I_LI,C3,2.0920513894158166,15757.604911913753,3.757930946317156,13043.057246971544,2.0908735990216476,15746.25222093751,0.827730947684198
IMAGE 3.2_SSP2_SPA2_26I_LIRE,C3,3.3013833006998006,29518.488140180314,5.106885124945748,21597.15200370957,2.7707540074450643,23031.0649940625,0.731648311429328
IMAGE 3.2_SSP2_SPA2_26I_RE,C3,3.55974492095823,33200.0343149946,5.784061224155224,27067.4814067051,2.8886491055689856,24554.913888749998,0.8152847418739032
MESSAGEix-GLOBIOM_1.1_EN_INDCi2030_1000,C3,3.014336468977108,29354.358065661425,7.523276761263387,49509.584986030924,2.6976556542544827,25156.71732651511,1.686617873750984
MESSAGEix-GLOBIOM_1.1_EN_INDCi2030_1000_COV,C3,3.2365605649621543,28530.380097141377,7.70289551355563,44538.95186835292,2.9626007053190184,25148.423443297015,1.5611061512922335
MESSAGEix-GLOBIOM_1.1_EN_INDCi2030_1000_COV_NDCp,C3,3.184692303357739,27976.248166588877,7.267918178040111,43036.45341695467,2.925137317026394,24794.923861734496,1.5383211201404663
MESSAGEix-GLOBIOM_1.1_EN_INDCi2030_1000_NDCp,C3,3.012268728120926,29601.7672105477,7.366654307357878,49352.988028902546,2.694799872228004,25356.62990261413,1.66723113785305
MESSAGEix-GLOBIOM_1.1_EN_INDCi2030_1000f,C4,2.707390747568561,25280.999343705105,6.746341011437584,39480.523464342215,2.5539480294717087,23355.959024804968,1.5616678331259382
MESSAGEix-GLOBIOM_1.1_EN_INDCi2030_1000f_COV,C3,2.8983061719409564,24386.770003455396,6.900118208439587,35327.974106062014,2.772231228284361,22927.3534945866,1.4486532698285317
MESSAGEix-GLOBIOM_1.1_EN_INDCi2030_1000f_COV_NDCp,C3,2.8533050292328,23949.325822205843,6.473089530703335,34013.762740240505,2.730841817338314,22541.32244814258,1.4202388406567548
MESSAGEix-GLOBIOM_1.1_EN_INDCi2030_1000f_NDCp,C4,2.678593881868885,25148.59455237249,6.554416777409866,38856.80181917075,2.5253385332382416,23221.34196095521,1.5450884039762391
MESSAGEix-GLOBIOM_1.1_EN_INDCi2030_1200,C4,2.71243515416697,25345.514147340396,6.872012505875236,40981.95454331536,2.5604822467318877,23436.476350078137,1.6169312764805663
MESSAGEix-GLOBIOM_1.1_EN_INDCi2030_1200_COV,C3,2.87597656058034,24125.017302812197,6.94306258654469,35778.273057206956,2.790952003433178,23141.243074035952,1.4830361615133998
MESSAGEix-GLOBIOM_1.1_EN_INDCi2030_1200_COV_NDCp,C3,2.828772056531892,23663.892864280242,6.514584378581323,34444.41177383372,2.7567211584386575,22835.381486553742,1.455568277433603
MESSAGEix-GLOBIOM_1.1_EN_INDCi2030_1200_NDCp,C4,2.681026435372047,25179.768767059028,6.679721571979802,40348.85589376665,2.5326243531159864,23311.34377184926,1.6024315499891446
MESSAGEix-GLOBIOM_1.1_EN_INDCi2030_1200f,C4,2.509081101811139,22806.54091848907,6.144295406410882,32870.847712580886,2.426885502184639,21815.47962479124,1.441290366218262
MESSAGEix-GLOBIOM_1.1_EN_INDCi2030_1200f_COV,C4,2.7170175713522537,22302.167352896122,6.190804778804759,28510.072279401855,2.638958804920777,21432.518954298223,1.2783543333827412
MESSAGEix-GLOBIOM_1.1_EN_INDCi2030_1200f_COV_NDCp,C4,2.6720448561389665,21880.074863927475,5.748152060376044,27130.500237136668,2.5965941168118567,21045.286232519757,1.2399637755291821
MESSAGEix-GLOBIOM_1.1_EN_INDCi2030_1200f_NDCp,C4,2.465360110832826,22486.47378017473,5.963088807711281,32379.176397041487,2.384000551344312,21506.673504610368,1.4399401486234222
MESSAGEix-GLOBIOM_1.1_EN_INDCi2030_1400,C4,2.4436823718508416,22016.392733585515,6.013886651399769,31558.323577642695,2.3857603964835716,21327.031632468756,1.4334011915358496
MESSAGEix-GLOBIOM_1.1_EN_INDCi2030_1400_COV,C4,2.6546557270423987,21606.072252198635,6.010174997391249,26947.956685758432,2.613226814892733,21149.44435680076,1.2472399597301267
MESSAGEix-GLOBIOM_1.1_EN_INDCi2030_1400_COV_NDCp,C4,2.6226724074824403,21332.083619033787,5.5861035609777066,25746.347873672577,2.5793952716416158,20857.135856675493,1.2069307590140943
MESSAGEix-GLOBIOM_1.1_EN_INDCi2030_1400_NDCp,C4,2.4113084943449214,21833.37165299185,5.8552106641491575,31291.711757643567,2.354526810649138,21156.500764359265,1.4332056566881932
MESSAGEix-GLOBIOM_1.1_EN_INDCi2030_1400f,C4,2.338817148479988,20775.44293693011,5.506142784817913,26816.210986669794,2.2906743400030516,20216.291044203394,1.290764825957174
MESSAGEix-GLOBIOM_1.1_EN_INDCi2030_1400f_COV,C4,2.5766068920549445,20749.640593554195,5.580621040105216,23489.96670695867,2.538807755557926,20340.688046031395,1.1320661965709298
MESSAGEix-GLOBIOM_1.1_EN_INDCi2030_1400f_COV_NDCp,C4,2.5406570055192423,20436.228244304446,5.200549460952741,22659.080793494428,2.5051633439897136,20054.048890926286,1.1087701958804208
MESSAGEix-GLOBIOM_1.1_EN_INDCi2030_1400f_NDCp,C4,2.3100225426717413,20632.507021520094,5.348571705359495,26539.735848504253,2.2623008109747156,20076.926139248408,1.286306885577347
MESSAGEix-GLOBIOM_1.1_EN_INDCi2030_1600_COV,C4,2.5213008085699817,20152.551836774586,5.399947910469227,22137.288110700887,2.499691837324458,19921.438528958515,1.0984856056940904
MESSAGEix-GLOBIOM_1.1_EN_INDCi2030_1600_COV_NDCp,C4,2.50204021776963,20020.57858541848,5.069473613069242,21672.25725718915,2.479677150601156,19781.658775835618,1.0824990479033225
MESSAGEix-GLOBIOM_1.1_EN_INDCi2030_600f_COV,C2,3.3151822418678645,29543.13014018464,7.882799764444948,46849.834624751194,2.987542049216807,25447.102659158427,1.5858114696189871
MESSAGEix-GLOBIOM_1.1_EN_INDCi2030_600f_COV_NDCp,C2,3.3051854957889093,29522.52970359061,7.509811126016319,46131.558123564784,2.9773208386709493,25418.538857801977,1.5625882533350162
MESSAGEix-GLOBIOM_1.1_EN_INDCi2030_700f,C2,2.9863849766627926,28970.726193861952,7.406739270303464,47887.047590101014,2.6879077428607623,25032.56642983235,1.6529460556030824
MESSAGEix-GLOBIOM_1.1_EN_INDCi2030_700f_COV,C2,3.239461203516547,28567.402645083264,7.696427232329572,44457.64916364639,2.9558634305902,25068.052578010826,1.5562370060723039
MESSAGEix-GLOBIOM_1.1_EN_INDCi2030_700f_COV_NDCp,C2,3.209129525737753,28286.212600942643,7.2850677568471855,43250.19238036031,2.926349800142747,24809.324044722787,1.529020268302692
MESSAGEix-GLOBIOM_1.1_EN_INDCi2030_700f_NDCp,C2,2.9590469733600244,28867.054648212583,7.241541270798257,47603.71182437381,2.67246911444754,25070.184757084364,1.6490671599335258
MESSAGEix-GLOBIOM_1.1_EN_INDCi2030_800f,C3,2.9188878826149844,28054.997554626203,7.271950968814611,46064.48583842398,2.657001798974723,24640.88599788924,1.6419351222088434
MESSAGEix-GLOBIOM_1.1_EN_INDCi2030_800f_COV,C3,3.1354745890208813,27256.27695843524,7.474910124656975,41745.762704773915,2.9067426323847734,24486.034294663525,1.5316017946410867
MESSAGEix-GLOBIOM_1.1_EN_INDCi2030_800f_COV_NDCp,C3,3.0904287354728055,26797.648541340706,7.054192210007559,40443.224867819445,2.8669456820033634,24108.768124874536,1.5092079741783209
MESSAGEix-GLOBIOM_1.1_EN_INDCi2030_800f_NDCp,C3,2.8872750389330237,27891.17891688844,7.095352652744769,45623.36812177628,2.636704593693384,24614.6522197783,1.6357633450248599
MESSAGEix-GLOBIOM_1.1_EN_INDCi2030_900f,C3,2.7796818993613304,26213.165860690027,7.010714668538398,42691.118909900266,2.5789771374755244,23665.074461372456,1.628613618697657
MESSAGEix-GLOBIOM_1.1_EN_INDCi2030_900f_COV,C3,3.0281047615741796,25936.7302767822,7.261470216682353,39261.67479770815,2.85204251490061,23846.029707232785,1.5137480468327977
MESSAGEix-GLOBIOM_1.1_EN_INDCi2030_900f_COV_NDCp,C3,2.983032087454851,25487.27163394064,6.781871285595353,37321.165874462706,2.8157940154266425,23513.584771399015,1.4643060430510428
MESSAGEix-GLOBIOM_1.1_EN_INDCi2030_900f_NDCp,C3,2.767834772411981,26304.424095821098,6.8498514823303935,42446.06880426062,2.5673114332102287,23742.032883203556,1.613647523687998
MESSAGEix-GLOBIOM_1.1_EN_INDCi2030_950_COV,C3,3.3414709128211095,29886.084403339028,7.921998638566641,47366.263092177935,2.9983350865357083,25576.913812610775,1.5848935729729094
MESSAGEix-GLOBIOM_1.1_EN_INDCi2030_950_COV_NDCp,C3,3.3255932668638577,29788.916932295804,7.523434357477177,46311.10855035212,2.9976198900502515,25663.263621848593,1.5546422401193007
MESSAGEix-GLOBIOM_1.1_EN_INDCi2030_950f_COV,C3,2.9601968847112525,25119.732496120876,7.018371493821607,36578.93088294953,2.8096352077493503,23355.676542948484,1.456183137642817
MESSAGEix-GLOBIOM_1.1_EN_INDCi2030_950f_COV_NDCp,C3,2.916218504386281,24689.128882681274,6.59226948677667,35262.019286692856,2.7812573383904082,23115.893637378846,1.4282407230426086
MESSAGEix-GLOBIOM_1.1_EN_NPi2020_1000,C3,2.7962044887178905,26333.90358920437,5.225547258822871,32041.78872189558,2.712128797319746,25250.859273563685,1.216750437828411
MESSAGEix-GLOBIOM_1.1_EN_NPi2020_1000_COV,C3,2.9367554166667587,24784.112669366375,5.345882941561464,28700.59965341874,2.865187245371925,23944.26326002088,1.1580240953670782
MESSAGEix-GLOBIOM_1.1_EN_NPi2020_1000_DR10p,C3,2.6930768063535115,24831.536172641405,6.693002032899464,40987.82432246597,2.5947360481231474,23607.001069988415,1.6506358703504234
MESSAGEix-GLOBIOM_1.1_EN_NPi2020_1000_DR1p,C3,2.958677142961963,28881.84344055004,4.703535227944355,31997.71303969252,2.8692205796887027,27667.38706435385,1.1078833352710376
MESSAGEix-GLOBIOM_1.1_EN_NPi2020_1000_DR2p,C3,2.884010612848442,27729.607284369107,4.690166553881614,30583.538462918666,2.7919085036649305,26508.135341682,1.102919999886125
MESSAGEix-GLOBIOM_1.1_EN_NPi2020_1000_DR3p,C3,2.8625376862581042,27305.700070395378,4.751699236517015,30628.779450929112,2.758105604927996,25936.82583909274,1.1216991094154949
MESSAGEix-GLOBIOM_1.1_EN_NPi2020_1000_DR4p,C3,2.819843940763622,26742.420600331152,5.072702336806323,31914.94022484828,2.7256045953509833,25518.37547410776,1.1934200236329047
MESSAGEix-GLOBIOM_1.1_EN_NPi2020_1000f,C3,2.6484215002711142,24467.653986917325,5.026189644676604,27780.66837530605,2.5588013282031863,23353.69797155204,1.1354038433827849
MESSAGEix-GLOBIOM_1.1_EN_NPi2020_1000f_COV,C3,2.8232604564733865,23446.059832845433,5.0547179532509645,24660.1224937983,2.7584544330765404,22706.05980431416,1.0517810953997522
MESSAGEix-GLOBIOM_1.1_EN_NPi2020_1000f_DR10p,C4,2.435795666264262,21741.471309550838,5.747187269315424,27458.619678312374,2.350195650240061,20736.42156188124,1.2629605093124514
MESSAGEix-GLOBIOM_1.1_EN_NPi2020_1000f_DR1p,C3,2.9508104098513233,28791.674658718075,4.610614401200119,31569.64428813092,2.864925640421334,27626.71573992366,1.09648517018692
MESSAGEix-GLOBIOM_1.1_EN_NPi2020_1000f_DR2p,C3,2.834455771341493,27084.172394831974,4.555670180936167,29371.040693167342,2.7600725627512146,26106.863825750585,1.0844355982157214
MESSAGEix-GLOBIOM_1.1_EN_NPi2020_1000f_DR3p,C3,2.7861908670892,26322.001523855193,4.565333942881922,28479.150053786423,2.707384355106379,25304.083456567707,1.0819522986493348
MESSAGEix-GLOBIOM_1.1_EN_NPi2020_1000f_DR4p,C3,2.716225215896939,25355.2962405986,4.845486346283745,28397.295673772052,2.6341337254153885,24315.809395658365,1.119974911920084
MESSAGEix-GLOBIOM_1.1_EN_NPi2020_1200,C3,2.6020680787238293,23896.99138404002,5.026291566350238,27289.69698481832,2.545621517544605,23200.205102397988,1.1419720811819087
MESSAGEix-GLOBIOM_1.1_EN_NPi2020_1200_COV,C3,2.7747328676508864,22896.339102990823,5.046197971150379,24318.432996570653,2.732665396815026,22420.194404991693,1.0621100992251669
MESSAGEix-GLOBIOM_1.1_EN_NPi2020_1200f,C4,2.5186926890271133,22889.49132545011,4.8242002124148975,24887.631791793472,2.4707881567022305,22308.98161399792,1.0872951014040968
MESSAGEix-GLOBIOM_1.1_EN_NPi2020_1200f_COV,C4,2.731632858446398,22326.536201274528,4.902283296636867,22571.56083114811,2.695223018839221,21919.9411896063,1.010974592192209
MESSAGEix-GLOBIOM_1.1_EN_NPi2020_1400,C4,2.4879117875021617,22550.298432166124,4.8351092516627725,24516.839486999434,2.4584908072136535,22195.09812630004,1.0872068749222494
MESSAGEix-GLOBIOM_1.1_EN_NPi2020_1400_COV,C4,2.6924994999654395,21972.973499314718,4.916653889912714,22125.741320309928,2.6693228924561163,21715.220232322845,1.0069525328922813
MESSAGEix-GLOBIOM_1.1_EN_NPi2020_1400f,C4,2.4256381660170856,21819.02811600937,4.687804054412781,23100.777767092015,2.3960835010209847,21467.318125720205,1.0587445803849613
MESSAGEix-GLOBIOM_1.1_EN_NPi2020_1400f_COV,C4,2.668727446844632,21680.274686949953,4.767613362645173,20962.380919383024,2.647258043348333,21443.14649518152,0.9668872383799153
MESSAGEix-GLOBIOM_1.1_EN_NPi2020_1600,C4,2.4057266210318895,21539.970263356787,4.669870176029844,22309.458943684112,2.3878205686068465,21328.02590093285,1.0357237577823568
MESSAGEix-GLOBIOM_1.1_EN_NPi2020_1600_COV,C4,2.600473010751614,20959.419156057542,4.793714197523569,20325.40667514081,2.592062664499495,20867.78816949438,0.9697504746579061
MESSAGEix-GLOBIOM_1.1_EN_NPi2020_1600f_COV,C4,2.5945483842236605,20878.451137275068,4.808979013426851,20206.328486131428,2.58994379276547,20828.372450527666,0.9678078298660922
MESSAGEix-GLOBIOM_1.1_EN_NPi2020_200f,C2,3.6271193140820612,38481.27499112861,5.80059254408507,46951.660521038306,3.0938828490496784,30340.72215566316,1.2201170707535662
MESSAGEix-GLOBIOM_1.1_EN_NPi2020_300f,C2,3.4212815947131103,35304.510264064666,5.747438786175207,43876.91411060892,3.025573563013917,29517.575784587465,1.2428132774658494
MESSAGEix-GLOBIOM_1.1_EN_NPi2020_400f,C2,3.2183268667700604,32191.031969208012,5.561599666264572,40553.13075710973,2.934920243184558,28233.230494340907,1.2597648561220527
MESSAGEix-GLOBIOM_1.1_EN_NPi2020_450,C1,3.6629398333987373,38156.894372277195,5.37777595584803,46372.17597084438,3.0838084245121244,29346.861295403938,1.2153026794690078
MESSAGEix-GLOBIOM_1.1_EN_NPi2020_450f,C2,3.1366135407331353,31067.928090247864,5.513536460580237,39563.43929863513,2.869462094458841,27397.783216267744,1.2734495581330376
MESSAGEix-GLOBIOM_1.1_EN_NPi2020_500,C1,3.7313146424165833,39902.71845370298,5.514279450114956,47922.8067752439,3.1195165776577216,30365.893635348213,1.2009910259835104
MESSAGEix-GLOBIOM_1.1_EN_NPi2020_500f,C2,3.0760427841343807,30127.453851636685,5.502068864921861,38468.42578910037,2.8517671517507948,27084.447289244,1.2768561850111526
MESSAGEix-GLOBIOM_1.1_EN_NPi2020_600,C2,3.6682893430261654,39040.92068123109,5.759898348280257,46904.10583590704,3.1119637603416628,30478.965159065247,1.2014088043383715
MESSAGEix-GLOBIOM_1.1_EN_NPi2020_600_COV,C1,3.7523429404628272,35722.26924639491,5.852968867331798,41870.47658893194,3.295981327737696,29356.77318683079,1.1721113320133631
MESSAGEix-GLOBIOM_1.1_EN_NPi2020_600_DR10p,C2,3.4455192522490297,35247.509949708554,6.667952019611323,55352.83579765959,2.934172679689806,27872.350060373934,1.5704041470344283
MESSAGEix-GLOBIOM_1.1_EN_NPi2020_600_DR1p,C1,3.7349918017661743,40888.13498923871,5.087022485108772,42377.29451292218,3.195349639465994,32184.48567321005,1.036420333773487
MESSAGEix-GLOBIOM_1.1_EN_NPi2020_600_DR2p,C1,3.7586713645665126,40596.36183656899,5.256221591900623,43453.025547093814,3.206279295417147,31836.567431988467,1.070367480761578
MESSAGEix-GLOBIOM_1.1_EN_NPi2020_600_DR3p,C1,3.7446264074935787,40212.46242156037,5.382747293502188,44448.238913080626,3.1843933183946183,31440.545627910757,1.1053349194862834
MESSAGEix-GLOBIOM_1.1_EN_NPi2020_600_DR4p,C1,3.698070479083637,39460.51002594184,5.517019966076253,45404.749360033304,3.1448293727821763,30893.636725071523,1.1506376711852848
MESSAGEix-GLOBIOM_1.1_EN_NPi2020_600f,C2,2.9910719519861573,28953.72647224069,5.401935629185561,36212.18194777969,2.8072043744074238,26498.124186011395,1.250691581358207
MESSAGEix-GLOBIOM_1.1_EN_NPi2020_600f_COV,C2,3.1673155510008266,27569.456169988924,5.490817828929129,31746.198759736184,3.021226900159024,25774.10260038155,1.1514989111135934
MESSAGEix-GLOBIOM_1.1_EN_NPi2020_600f_DR10p,C2,2.748876353410612,25482.821066679964,6.685480519446951,39734.94546484518,2.5827939176049863,23408.221581832207,1.5592836193791968
MESSAGEix-GLOBIOM_1.1_EN_NPi2020_600f_DR1p,C2,3.3857839385607935,34892.52934559126,4.8898919098017135,37373.043102082374,3.1096069850381935,30799.89090610299,1.0710901102044794
MESSAGEix-GLOBIOM_1.1_EN_NPi2020_600f_DR2p,C2,3.200246063507195,31958.928813230872,4.983313252157084,36197.51534361248,2.9650070211627577,28656.568514515962,1.1326260512407054
MESSAGEix-GLOBIOM_1.1_EN_NPi2020_600f_DR3p,C2,3.1076773960882376,30593.59682208216,5.092231819575899,35787.26348779796,2.9022229584626302,27775.94000962341,1.1697631924719312
MESSAGEix-GLOBIOM_1.1_EN_NPi2020_600f_DR4p,C2,3.0224781285479674,29485.92408112903,5.183023298528866,35711.76157995837,2.8407823038289592,27031.638308895104,1.2111460872550328
MESSAGEix-GLOBIOM_1.1_EN_NPi2020_700,C2,3.2998963212400367,33258.8832008951,5.666324666101996,41615.4450008265,2.9754082096125734,28650.51094369513,1.2512580398281834
MESSAGEix-GLOBIOM_1.1_EN_NPi2020_700_COV,C2,3.3428549212964676,29935.19273496051,5.709291012865392,36633.27504264012,3.144496458485979,27384.74700103291,1.223752770425864
MESSAGEix-GLOBIOM_1.1_EN_NPi2020_700f,C2,2.899226901733787,27733.42870330343,5.329299691521516,33795.82540158899,2.7521317105032805,25802.354672935024,1.2185952830838924
MESSAGEix-GLOBIOM_1.1_EN_NPi2020_700f_COV,C2,3.0620882110031333,26261.111987889526,5.387929811411252,30101.646454132257,2.933912255140614,24722.79204461068,1.1462441677265538
MESSAGEix-GLOBIOM_1.1_EN_NPi2020_800,C3,3.0169374495420564,29306.78796938807,5.458517448779299,37988.95603659962,2.856798543344885,27148.531894864846,1.296251096376729
MESSAGEix-GLOBIOM_1.1_EN_NPi2020_800_COV,C3,3.1575066326870793,27475.22041792839,5.571089614514069,33223.93688721425,3.0393292087991908,26019.945808859815,1.2092327698137284
MESSAGEix-GLOBIOM_1.1_EN_NPi2020_800f,C3,2.8133335447335206,26544.251254210507,5.195712307776068,31652.3652240061,2.6862169033063044,24909.279271257434,1.192437674013703
MESSAGEix-GLOBIOM_1.1_EN_NPi2020_800f_COV,C3,2.9747827207213584,25242.80902961508,5.406205382112006,28977.81900194368,2.863629076579821,23932.27652665247,1.147963325632526
MESSAGEix-GLOBIOM_1.1_EN_NPi2020_900,C3,2.8833742818509256,27535.59044045406,5.385149477111284,35060.51584809169,2.7582965742787513,25894.708028232995,1.2732799728377113
MESSAGEix-GLOBIOM_1.1_EN_NPi2020_900_COV,C3,3.07404255207957,26392.555910118892,5.520120214280655,31295.61524665823,2.9761305931460313,25210.370800181794,1.18577432792932
MESSAGEix-GLOBIOM_1.1_EN_NPi2020_900f,C3,2.7358485718621095,25540.93532701758,5.141078510234309,29639.868011176794,2.632297960495955,24230.250208312023,1.1604848307893916
MESSAGEix-GLOBIOM_1.1_EN_NPi2020_900f_COV,C3,2.875649897549226,24110.70399861019,5.145943656039176,25993.356504767413,2.782658239550395,23036.337575356836,1.0780836804377734
MESSAGEix-GLOBIOM_1.1_NGFS2_Below 2°C,C3,2.9450649172658494,24888.474445591866,5.3346949055600446,28784.870727394202,2.87110600415712,24018.861572995203,1.1565542432229086
MESSAGEix-GLOBIOM_1.1_NGFS2_Delayed Transition,C3,3.262821504837987,28951.645679789875,7.8457275576182095,45456.2866500906,2.8491610381858212,23882.778064963208,1.5700760900725597
MESSAGEix-GLOBIOM_1.1_NGFS2_Divergent Net Zero Policies,C1,3.741607143576209,35972.24639608053,5.917544133635899,43368.886999032366,3.1934952218860557,28318.388379847205,1.205620758890325
MESSAGEix-GLOBIOM_1.1_NGFS2_Net-Zero 2050,C1,3.6562096213031747,34341.174143915196,5.6119895050463775,41004.317811962756,3.293169377529015,29305.200807415196,1.1940278349285323
POLES ADVANCE_ADVANCE_2020_1.5C-2100,C1,2.143165660868118,19137.53782330543,5.995252440465415,33796.02244107875,2.143165660868118,19137.53782330543,1.7659545733162403
POLES ADVANCE_ADVANCE_2020_Med2C,C3,2.0527415508811986,18771.650560915918,5.376390128483699,25147.602314198208,2.0527415508811986,18771.650560915918,1.3396585575994864
POLES ADVANCE_ADVANCE_2020_WB2C,C2,2.0260570937390865,18311.453027058236,5.882684497956703,30295.39695136818,2.0260570937390865,18311.453027058236,1.6544507367384589
POLES ADVANCE_ADVANCE_2030_1.5C-2100,C2,1.7663037313931929,15616.175654116807,6.365565404636242,34229.903035549054,1.7663037313931929,15616.175654116807,2.1919517168420946
POLES ADVANCE_ADVANCE_2030_Med2C,C3,2.0030709517921963,18274.390485792126,5.573115269137774,26659.555419710083,2.0030709517921963,18274.390485792126,1.458847858178209
POLES ADVANCE_ADVANCE_2030_Price1.5C,C2,1.8898819550418722,16983.735216630124,6.3192454608532955,33746.76649887244,1.8898819550418722,16983.735216630124,1.987004982615856
POLES ADVANCE_ADVANCE_2030_WB2C,C2,1.9416428932781615,17569.503764365316,5.993488756777876,30498.612495350633,1.9416428932781615,17569.503764365316,1.7358835459660673
POLES EMF30_EMF30_D_CO2-Only,C4,2.2322405902966302,18838.118647116586,4.746965386380664,23130.773340861968,2.230918720781472,18823.167731709906,1.2278706687306287
POLES EMF30_EMF30_Slower-to-faster,C2,1.9294200014836616,16501.641694658727,5.13873577933206,23358.505622540586,1.9282320221864602,16488.409946778364,1.415526167320752
POLES ENGAGE_EN_INDCi2030_1000,C4,1.7478015348619147,14511.617027819295,5.49519543494601,29524.11540907861,1.7353765186649994,14383.770255432122,2.0345158883727303
POLES ENGAGE_EN_INDCi2030_1000_COV,C4,1.855626103663699,14820.064464167812,5.416587880173762,27480.510797109608,1.835544278469614,14619.634900817866,1.854277413134904
POLES ENGAGE_EN_INDCi2030_1000_COV_NDCp,C4,1.8831449865301275,15024.34183014905,5.397194400492911,27470.721514091478,1.8630307916423838,14822.88509033203,1.828414304243699
POLES ENGAGE_EN_INDCi2030_1000_NDCp,C4,1.8547436719467125,15744.100064917639,5.489191604374399,29609.03561488153,1.8424588584206703,15613.055602111814,1.8806432563814135
POLES ENGAGE_EN_INDCi2030_1000f,C4,1.9536080195800443,16669.879127486696,5.460412164581019,29188.55044363977,1.9380568708045276,16501.808744201655,1.7509755302011303
POLES ENGAGE_EN_INDCi2030_1000f_COV,C4,1.937993184634812,15648.389843070585,5.318859881627125,26603.134151258477,1.919510510888367,15459.999399719236,1.700055687393222
POLES ENGAGE_EN_INDCi2030_1000f_COV_NDCp,C4,1.9671879517813906,15871.440193302184,5.256952292710881,26216.144714698778,1.9485901257409344,15681.108039550778,1.6517810857367627
POLES ENGAGE_EN_INDCi2030_1000f_NDCp,C4,1.9578297670047151,16848.652628286927,5.362576452991097,28396.585715017336,1.945088204390144,16709.254164733906,1.6853920809871035
POLES ENGAGE_EN_INDCi2030_1200,C4,1.9992475827859346,17163.43731132763,5.423735913342775,28837.707453146,1.9850245110990317,17007.843384704596,1.6801825257993928
POLES ENGAGE_EN_INDCi2030_1200f,C4,2.0619131097896926,17850.176056055396,5.299285913130425,27669.720876874922,2.04725083404389,17687.31227508546,1.5501091300154655
POLES ENGAGE_EN_INDCi2030_300f,C2,1.4108105665591397,11205.116293309293,5.455771143695998,29143.98591650964,1.402391075409537,11125.190158996593,2.6009534531927936
POLES ENGAGE_EN_INDCi2030_400f,C2,1.4744937658031088,11809.125925839107,5.472602351063216,29305.83818987847,1.4638526017596076,11706.719458923348,2.4816263603181214
POLES ENGAGE_EN_INDCi2030_500f,C3,1.5265604524060006,12310.047889185109,5.446751986861376,29057.521270551686,1.5142920352496425,12190.584696350095,2.360471830177032
POLES ENGAGE_EN_INDCi2030_600f,C3,1.5966620338870419,12994.703827039557,5.468837022616313,29269.57394236566,1.5856963352097075,12885.923996887213,2.252423320450069
POLES ENGAGE_EN_INDCi2030_600f_COV,C3,1.6334135419399098,12667.175708059523,5.521495690143441,28445.25311831476,1.6175510604943932,12517.08532196044,2.2455876332572218
POLES ENGAGE_EN_INDCi2030_600f_COV_NDCp,C3,1.7148795746464662,13379.958825626734,5.612809369005789,29482.821888885504,1.6984156735755596,13221.529337768556,2.2035061746540534
POLES ENGAGE_EN_INDCi2030_600f_NDCp,C3,1.6430011514313891,13561.139009760078,5.463841673399705,29363.365088567738,1.6338560778438538,13468.299379577653,2.16525802644119
POLES ENGAGE_EN_INDCi2030_700f,C3,1.7078444110882662,14105.089937635406,5.504603543324449,29615.354636564265,1.6959300826161705,13983.665516052235,2.0996218221582654
POLES ENGAGE_EN_INDCi2030_800f,C4,1.8068443277589274,15119.676370986446,5.529662921907907,29859.37358473778,1.7925211875378544,14970.309925231923,1.974868565443354
POLES ENGAGE_EN_INDCi2030_900,C3,1.559429491569797,12629.596693790096,5.495066073445143,29522.862286748885,1.5506620679330396,12543.230805358871,2.337593432517534
POLES ENGAGE_EN_INDCi2030_900f,C4,1.9000851871419533,16098.062704003001,5.49197772369161,29492.95690649987,1.8848121329418932,15935.149476013183,1.832081129809865
POLES ENGAGE_EN_NPi2020_1000,C4,2.252099175515987,19448.95080161948,5.184905636987325,29496.47391486168,2.236164313183342,19268.121696167007,1.5166100328869956
POLES ENGAGE_EN_NPi2020_1000_COV,C4,2.0699369819974445,16884.26073871505,5.2406793440317845,27305.374513034818,2.0516749410037116,16693.207840576168,1.6172087683071905
POLES ENGAGE_EN_NPi2020_1000f,C4,2.127514116670559,18489.17386395878,5.238314529988464,27878.49476603507,2.1117387290730427,18311.928636474593,1.507828038784309
POLES ENGAGE_EN_NPi2020_1000f_COV,C4,1.9872398480912379,16281.34940146956,5.256684799195077,25507.299060344692,1.9685158312778395,16086.56734680177,1.5666575559174716
POLES ENGAGE_EN_NPi2020_1200,C4,2.2188338683950093,19300.576372837753,4.973819050658745,26734.876358900063,2.202227918740851,19111.811720581045,1.3851853873402875
POLES ENGAGE_EN_NPi2020_1200f,C4,2.144678293041813,18681.246431381973,5.02623744602122,25940.029501905457,2.12871359745046,18501.131563110343,1.3885598906467884
POLES ENGAGE_EN_NPi2020_300f,C2,2.230802356258854,18727.44958594163,5.228439005494767,31416.709931631107,2.2175823958954455,18581.20592102052,1.677575464157975
POLES ENGAGE_EN_NPi2020_400f,C2,2.221765345004978,18798.707329791872,5.296176439229905,31659.534413137444,2.2074791698689644,18639.862855224626,1.684133587364486
POLES ENGAGE_EN_NPi2020_500,C3,2.820380994493732,22074.935141002516,4.653265753727465,29968.40190367698,2.81538048193708,22008.30908752442,1.3575759888876389
POLES ENGAGE_EN_NPi2020_500f,C3,2.2069808890027742,18852.355552357854,5.3546586531230345,31595.771786985388,2.19075712591168,18671.104334106447,1.6759588317351526
POLES ENGAGE_EN_NPi2020_600,C3,2.6702922480156266,21487.04668855814,4.811793166911027,30159.226524267207,2.6557701500320663,21323.597536010733,1.40360036264672
POLES ENGAGE_EN_NPi2020_600f,C3,2.1892347427054037,18847.56370705065,5.383306410266231,31162.693133726138,2.1726952679495204,18661.980543823232,1.6534069664435487
POLES ENGAGE_EN_NPi2020_600f_COV,C3,2.020576667662266,16372.630478302199,5.452767141017922,29304.547540111562,1.9993454895820717,16153.50622741699,1.7898496871927432
POLES ENGAGE_EN_NPi2020_700,C3,2.3442922116243103,19787.262437487214,5.1896122883343,31428.235901784916,2.3296837476904697,19622.81942871093,1.5883064168716807
POLES ENGAGE_EN_NPi2020_700f,C3,2.169726308795572,18759.817087460884,5.377671811261764,30611.313692121505,2.1531183276593424,18573.214762573236,1.631749049012967
POLES ENGAGE_EN_NPi2020_800,C3,2.2632382762779235,19439.759538470385,5.283556781772125,30999.67670176506,2.24541100956801,19238.374002685552,1.5946533001304946
POLES ENGAGE_EN_NPi2020_800f,C4,2.14740519581067,18605.11082849794,5.4618662366357595,30480.06966021538,2.1313637631170446,18424.964615478515,1.6382632676139857
POLES ENGAGE_EN_NPi2020_900,C3,2.219409879219114,19182.831085050835,5.293636604890484,30252.424172658924,2.2027336261813524,18994.343556518557,1.5770573195650257
POLES ENGAGE_EN_NPi2020_900f,C4,2.1276084181152566,18454.1339609364,5.3859505588982115,29432.56324542044,2.1118768429104984,18277.684326782222,1.5949035217649938
POLES GECO2019_CO_2Deg2020,C3,2.0790690890788444,17947.664317025137,5.543739024247518,30801.265948820117,2.062113907447327,17759.480676269533,1.716171274699074
POLES GECO2019_CO_2Deg2030,C3,1.751086471489538,14732.320777935383,5.5892141408240725,30436.771899347314,1.7405005952968011,14621.815810546886,2.0659862324564986
POLES GECO2019_CO_Bridge,C2,2.6532085929584115,25324.13401052078,5.666872463202632,33465.9979169941,2.633463635785449,25066.56255798339,1.3215061136183701
POLES GECO2019_CO_Bridge_notax,C4,1.7436609478665321,15212.675976484694,5.944542804300412,33434.51123147966,1.7380335184813411,15151.319498291014,2.1978060456399477
REMIND 1.6_EMF30_Slower-to-faster,C3,3.3570250536481883,38976.36980022933,6.821121195428481,52991.652343067995,3.3539970342045144,38924.396013695994,1.3595840919683648
REMIND 1.6_EMF30_Slower-to-faster+SLCF,C3,3.4047437300838146,39479.84099717867,6.758178954981897,53172.403524228,3.401586447525373,39425.455184112,1.346824155852802
REMIND 1.6_EMF30_Slower-to-faster+SLCF+HFC,C3,3.3987357161356258,39377.30982365866,6.7585467108821184,53178.230156988,3.395551666336827,39322.547396591995,1.350479004155776
REMIND 1.7_ADVANCE_2020_1.5C-2100,C1,4.08240155095787,49843.53716400001,7.026600678839001,61494.435828,4.08240155095787,49843.53716400001,1.2337494352711182
REMIND 1.7_ADVANCE_2020_Med2C,C3,3.441221541716599,40243.185864,6.584866645157961,50898.966036000005,3.441221541716599,40243.185864,1.2647847068572236
REMIND 1.7_ADVANCE_2020_WB2C,C2,3.7722027202873543,44746.546103999994,6.862067064426047,56845.46949600001,3.7722027202873543,44746.546103999994,1.2703878722590047
REMIND 1.7_ADVANCE_2030_1.5C-2100,C2,3.737789957653459,46304.137367999996,7.382537489206653,62598.890844,3.737789957653459,46304.137367999996,1.3519070735839047
REMIND 1.7_ADVANCE_2030_Med2C,C4,3.2727325220812897,38000.778708,6.637622837932811,50305.990824,3.2727325220812897,38000.778708,1.3238147357598617
REMIND 1.7_ADVANCE_2030_Price1.5C,C2,3.607240386188737,43878.359988,7.200031063865975,59386.522764,3.607240386188737,43878.359988,1.3534353330489386
REMIND 1.7_ADVANCE_2030_WB2C,C2,3.4335827136449337,40767.777828000006,6.972717423786889,55572.050964,3.4335827136449337,40767.777828000006,1.3631366222230579
REMIND 1.7_CEMICS-1.5-CDR12,C1,4.428966393334077,56444.23480933333,7.509560629212908,68703.340272,4.4194831868573425,56242.949076000004,1.2171896829512794
REMIND 1.7_CEMICS-1.5-CDR20,C1,4.01270243938836,49747.45680399999,7.29297760630454,62147.688083999994,4.002098243006946,49540.124004,1.249263622236121
REMIND 1.7_CEMICS-1.5-CDR8,C1,4.8329604828928785,64710.73990533332,7.812665540613728,77337.986544,4.6921556912493445,61542.072971999994,1.195133708208859
REMIND 1.7_CEMICS-2.0-CDR12,C2,3.7464055457689938,44980.15902533334,7.05302058695958,56713.30336800001,3.741193095720874,44883.62929200001,1.2608515531494324
REMIND 1.7_CEMICS-2.0-CDR20,C2,3.6090364745696935,42904.21905333334,6.995932972956642,55004.65002000001,3.604582305658055,42823.81451999999,1.2820335909534881
REMIND 1.7_CEMICS-2.0-CDR8,C1,3.940927465993793,48286.42376400001,7.191981752834131,60333.804096,3.9325579975780567,48124.78856400001,1.2494982935758836
REMIND 2.1_CEMICS_GDPgrowth_1p5,C1,4.329670944310471,50314.36367733334,6.824205612643253,57102.867864,3.7717079066426296,40249.46414400001,1.1349217935101281
REMIND 2.1_CEMICS_GDPgrowth_2C,C3,3.456802301340267,36797.19813466667,6.27510721587452,44854.92144,3.053675778451659,30631.078068,1.2189765447859504
REMIND 2.1_CEMICS_HotellingConst_1p5,C1,4.514580159419146,54707.713549333355,7.158911842005078,61657.44886799999,3.8225420177611102,41771.31921600001,1.127033920224058
REMIND 2.1_CEMICS_HotellingConst_2C,C3,3.263309719062124,34545.770294666654,6.294133250996481,43757.122512,2.866133919726166,28651.530828,1.2666419691546273
REMIND 2.1_CEMICS_Linear_1p5,C1,4.270178324059448,49532.89474533334,6.835168970399086,56941.12159200001,3.80183085388921,41014.26421200001,1.1495617586001194
REMIND 2.1_CEMICS_Linear_2C,C3,3.3339227203091237,35616.748569333344,6.345293311353872,44908.942428,2.9311504960609858,29537.257235999998,1.2608939398434422
REMIND 2.1_CEMICS_opt_1p5,C1,3.91259135637938,43352.625700000004,6.435710714055443,49510.804992,3.570033934578376,37490.63790000001,1.1420485885817981
REMIND 2.1_CEMICS_opt_2C,C3,3.569692471761643,39610.00673466667,6.5875990019475195,49236.07746000001,3.1350283415098046,32630.126868000003,1.2430211837583103
REMIND 2.1_LeastTotalCost_CBA_brkLR15_SSP2_P50,C3,3.476813454287764,36307.652136000004,6.034233013260493,43106.509356,3.1156897379988724,30806.942135999998,1.1872568679057809
REMIND 2.1_LeastTotalCost_CBA_brkSR15_SSP2_P50,C3,3.115124911424849,32009.449035999998,5.847756101346557,38535.204792000004,2.7792912934774483,27192.347436,1.2038696682551673
REMIND 2.1_LeastTotalCost_CEA_brkLR15_SSP2_P50,C3,3.103265047918935,32182.230172000003,6.024394739124617,40451.608092,2.7450073277817566,27029.034372,1.2569547814369537
REMIND 2.1_LeastTotalCost_CEA_brkSR15_SSP2_P50,C3,3.142800746533303,32738.400242666674,6.059833847928986,40882.031412,2.784818818377688,27543.84777600001,1.248748598250688
REMIND 2.1_LeastTotalCost_LTC_brkLR15_SSP1_P50,C1,3.034692151674645,29132.458089333333,5.6462779504139915,37672.563564,2.6151951815785113,23587.447955999996,1.2931474387941733
REMIND 2.1_LeastTotalCost_LTC_brkLR15_SSP2_P50,C3,3.4720300419956107,36233.162102666676,6.029401545244761,43039.731792,3.1110377416053048,30740.964636000004,1.1878546970327046
REMIND 2.1_LeastTotalCost_LTC_brkLR15_SSP5_P50,C3,3.9298447807596393,44751.070032,6.436481302521613,47578.65043200001,3.6952477495397984,40582.53523200001,1.0631846433611107
REMIND 2.1_LeastTotalCost_LTC_brkSR15_SSP1_P50,C2,2.6569826416781295,25011.111675999997,5.527771290134553,34334.49654,2.2647726031672644,20158.395876,1.3727697107100791
REMIND 2.1_LeastTotalCost_LTC_brkSR15_SSP2_P50,C3,3.2149945205519392,33316.28798133333,5.995897485349966,40729.213632,2.8601262668340954,28138.684247999994,1.222501548036205
REMIND 2.1_LeastTotalCost_LTC_brkSR15_SSP5_P50,C3,3.8766058131201264,44555.69070133334,6.524521787462723,48102.142308,3.6360152315865424,40286.71156800001,1.0795959292930573
REMIND 2.1_R2p1_SSP1-PkBudg1100,C2,3.6781618437634833,39961.685178666674,6.295818644549267,49651.449576,3.1965396524105127,32269.814712000007,1.2424763709040516
REMIND 2.1_R2p1_SSP1-PkBudg1300,C2,3.319299673853493,34833.974844,6.124351664248184,45413.68836,2.860328031147885,28036.403844,1.3037182395457323
REMIND 2.1_R2p1_SSP1-PkBudg900,C1,4.202059005471126,47987.13164133333,6.538322376956773,56052.644964,3.5497112631691197,36656.504508000005,1.1680765873432515
REMIND 2.1_R2p1_SSP2-PkBudg1100,C3,4.01835890949096,47028.95754266667,6.695613544118717,56541.061812,3.6075237523404136,39607.451676,1.202260580849651
REMIND 2.1_R2p1_SSP2-PkBudg1300,C3,3.8054588994987926,43584.92839333335,6.601779937763963,53565.16264800001,3.3949401666562684,36526.44966,1.2289836102195641
REMIND 2.1_R2p1_SSP2-PkBudg900,C1,4.429663636318049,53691.585285333334,6.823638636904983,61598.499707999996,3.9157475344788084,43752.89995199999,1.147265430525974
REMIND 2.1_R2p1_SSP5-PkBudg1100,C2,4.664481809561338,59924.83877600001,7.165691905580873,64803.61165200002,4.3572749810069755,53299.519176000016,1.081414868619621
REMIND 2.1_R2p1_SSP5-PkBudg1300,C3,4.414384590499187,55387.071806666674,7.021057161224831,60606.93705600001,4.107288563741629,49124.56854000001,1.0942433871130384
REMIND 2.1_R2p1_SSP5-PkBudg900,C1,5.003131031022745,65852.10711466665,7.206552851705528,68915.81837999998,4.697917671484975,58742.243447999994,1.0465241189624892
REMIND 2.1_TechCost-SSP2-B1100-bioH,C3,3.7981687812596254,43163.94137866666,6.508594798116496,51176.69936400001,3.3888068804146076,36179.571912,1.1856354570366823
REMIND 2.1_TechCost-SSP2-B1100-ccsH,C3,3.8208255883644293,43543.57734266666,6.5288412700187815,51628.618848,3.4155732172912234,36582.765276000006,1.185677015962837
REMIND 2.1_TechCost-SSP2-B1100-coalH,C3,3.878718270012227,44529.672090666674,6.6145519321205715,52818.98629200001,3.4649781688037784,37333.842024,1.1861525992029651
REMIND 2.1_TechCost-SSP2-B1100-elh2H,C3,4.046349715525155,48002.95988133333,6.79074823673389,56161.04808000001,3.6224206831406036,40259.79274799999,1.1699496909947646
REMIND 2.1_TechCost-SSP2-B1100-gasH,C3,3.871397416923239,44231.57350133335,6.576473198277322,52392.924432,3.4576096906316023,37082.566368,1.1845141441875369
REMIND 2.1_TechCost-SSP2-B1100-nucH,C3,3.8719561683617343,44370.311557333334,6.117497308490627,45063.94371600001,3.556020997116627,38777.846424,1.0156327989216483
REMIND 2.1_TechCost-SSP2-B1100-oilH,C3,3.825833203501916,43330.920608,6.485758332580072,51460.89431999999,3.4228255962488685,36426.34720800001,1.1876252246184447
REMIND 2.1_TechCost-SSP2-B1100-spvH,C3,4.086274111706878,48459.49382133335,6.629534803313453,56195.684184000005,3.645282723395682,40309.046688,1.1596424096213103
REMIND 2.1_TechCost-SSP2-B1100-windH,C3,4.25143520673561,51577.13660933335,6.807003068418749,60062.13236400001,3.8142001966703587,43173.014676,1.164510795140404
REMIND-Buildings 2.0_BEG-Budg600,C2,4.2554404191422535,49934.478841333344,7.26948865994248,57944.67409200001,3.8356094734466106,42207.781908,1.1604141153874667
REMIND-Buildings 2.0_BEG-Budg600-EG,C2,4.007045859618685,43396.230136000006,6.8815273317194725,50749.53741600001,3.602817660218549,36684.078936,1.1694457619234522
REMIND-MAgPIE 1.7-3.0_CD-LINKS_INDC2030i_1000,C2,3.3334921941205353,39042.88814533334,7.206273243102923,53506.274604,3.3322705754083026,39021.604812,1.3704486820961634
REMIND-MAgPIE 1.7-3.0_CD-LINKS_INDC2030i_1600,C4,3.1809275806488735,36478.04608533335,6.8628244931213,48384.642684000006,3.1776372519227047,36423.424752,1.3264044507979806
REMIND-MAgPIE 1.7-3.0_CD-LINKS_INDC2030i_400,C2,3.6591888025293784,44845.44050533334,7.653492793709682,60820.554144,3.6406816539503284,44502.93217200001,1.3562260390053875
REMIND-MAgPIE 1.7-3.0_CD-LINKS_NDC2030i_1000,C3,3.3322705754083026,39021.604812,7.206273243102923,53506.274604,3.3322705754083026,39021.604812,1.3711961581740393
REMIND-MAgPIE 1.7-3.0_CD-LINKS_NPi2020_1000,C2,3.7248188631702206,43799.39038133333,7.048770873142707,55235.10734400001,3.7228333607078223,43762.71184799999,1.2610930623258267
REMIND-MAgPIE 1.7-3.0_CD-LINKS_NPi2020_1600,C4,3.4228428078606044,39867.955706666675,6.86169378543986,50995.59043200001,3.419227203508335,39805.07304,1.2791122476207775
REMIND-MAgPIE 1.7-3.0_CD-LINKS_NPi2020_400,C1,4.112350622046024,50591.37655333334,7.456917297193377,64365.52105200001,4.094698997995283,50248.15842,1.2722626944958888
REMIND-MAgPIE 1.7-3.0_CO_2Deg2020,C2,3.540721577843353,41973.21027466666,6.708326321364666,52528.874196000004,3.538056976141579,41924.009208,1.25148574179241
REMIND-MAgPIE 1.7-3.0_CO_2Deg2030,C2,3.1873235083364815,37373.369344,7.1013195658649275,51351.907824,3.1848560256809044,37331.452944000004,1.3740240370445527
REMIND-MAgPIE 1.7-3.0_CO_Bridge,C2,3.379056539648384,39624.71734,6.783726221923625,50677.40386800001,3.3732822663632422,39524.356139999996,1.2789341418681273
REMIND-MAgPIE 1.7-3.0_EMF33_1.5C_cost100,C2,3.8333868615524125,44448.50004,6.734896849333039,53266.24984800001,3.8333868615524125,44448.50004,1.1983812682107329
REMIND-MAgPIE 1.7-3.0_EMF33_1.5C_full,C2,3.6009405125571936,40753.41556800001,6.5449276627482345,49742.91244800001,3.6009405125571936,40753.41556800001,1.2205826617158106
REMIND-MAgPIE 1.7-3.0_EMF33_1.5C_nofuel,C1,3.822503580377612,44158.649076,6.730952382659727,52395.746880000006,3.822503580377612,44158.649076,1.1865341892552783
REMIND-MAgPIE 1.7-3.0_EMF33_Med2C_cost100,C4,3.045193978559735,34745.823888,6.020169776294293,40898.832755999996,3.045193978559735,34745.823888,1.177086284896673
REMIND-MAgPIE 1.7-3.0_EMF33_Med2C_limbio,C3,3.3201011820404913,38458.354200000016,6.225197231150292,44478.71356800001,3.3201011820404913,38458.354200000016,1.1565423038305676
REMIND-MAgPIE 1.7-3.0_EMF33_Med2C_nobeccs,C4,3.420136555892639,39502.12102800001,6.26411070619175,45398.54270400001,3.420136555892639,39502.12102800001,1.1492684828700839
REMIND-MAgPIE 1.7-3.0_EMF33_Med2C_nofuel,C4,2.9977612169867385,33965.428128,5.837777729518967,38239.425576,2.9977612169867385,33965.428128,1.1258337575458575
REMIND-MAgPIE 1.7-3.0_EMF33_Med2C_none,C4,3.6343738320570917,42078.010416000005,6.325271344185901,46758.234804,3.6343738320570917,42078.010416000005,1.1112273213901853
REMIND-MAgPIE 1.7-3.0_EMF33_WB2C_cost100,C3,3.365821866434726,38665.209636000014,6.383400618191404,47228.950236000004,3.365821866434726,38665.209636000014,1.2214843959368205
REMIND-MAgPIE 1.7-3.0_EMF33_WB2C_full,C3,3.254132681285604,37290.6219,6.289388779997895,45423.6336,3.254132681285604,37290.6219,1.2180980441090472
REMIND-MAgPIE 1.7-3.0_EMF33_WB2C_limbio,C3,3.6341472734402247,40906.911179999996,6.301384245840369,45720.724032,3.6341472734402247,40906.911179999996,1.1176772509373318
REMIND-MAgPIE 1.7-3.0_EMF33_WB2C_nobeccs,C3,3.749803465330781,42586.512204,6.090388377987743,43848.235356,3.749803465330781,42586.512204,1.029627294810057
REMIND-MAgPIE 1.7-3.0_EMF33_WB2C_nofuel,C3,3.453883717717132,40240.018943999996,6.5174226188355,49242.66132,3.453883717717132,40240.018943999996,1.2237236117738544
REMIND-MAgPIE 1.7-3.0_EMF33_WB2C_none,C3,4.331920092319619,53594.909472,7.273857501018233,65685.98223600003,4.331920092319619,53594.909472,1.2256011416591133
REMIND-MAgPIE 1.7-3.0_EMF33_tax_hi_full,C3,3.2019817565684505,36978.03578400001,6.853536709040364,48025.48062,3.2019817565684505,36978.03578400001,1.2987569404857384
REMIND-MAgPIE 1.7-3.0_EMF33_tax_hi_none,C4,3.238648056538418,37661.59602000001,6.677311027647637,45559.877832,3.238648056538418,37661.59602000001,1.2097171295609894
REMIND-MAgPIE 1.7-3.0_PEP_1p5C_full_NDC,C2,3.4492266890876255,41938.86101066667,7.475335416688278,57207.62624400001,3.4227474394543655,41463.727944,1.3640720054235593
REMIND-MAgPIE 1.7-3.0_PEP_1p5C_full_eff,C1,3.8595752464814614,46819.97686799999,6.921507692994644,57806.029668,3.835981430006119,46377.33766799999,1.2346445584749668
REMIND-MAgPIE 1.7-3.0_PEP_1p5C_full_goodpractice,C2,3.5524101416746667,42820.36410266666,7.2120529759232666,56318.94404400001,3.526063437626048,42346.059636,1.3152373928668375
REMIND-MAgPIE 1.7-3.0_PEP_1p5C_full_netzero,C2,3.587840120105401,43005.03170533334,7.010470708529248,54876.506436,3.555757705222895,42427.48837200001,1.276048505486729
REMIND-MAgPIE 1.7-3.0_PEP_1p5C_red_eff,C1,4.535146453984917,57867.34846533333,7.325153618615632,67965.514584,4.371844140208636,54496.84273200001,1.174505422945311
REMIND-MAgPIE 1.7-3.0_PEP_2C_full_NDC,C2,3.1873235083364815,37373.369344,7.1013195658649275,51351.907824,3.1848560256809044,37331.452944000004,1.3740240370445527
REMIND-MAgPIE 1.7-3.0_PEP_2C_full_eff,C2,3.540721577843353,41973.21027466666,6.708326321364666,52528.874196000004,3.538056976141579,41924.009208,1.25148574179241
REMIND-MAgPIE 1.7-3.0_PEP_2C_full_goodpractice,C2,3.2944596905938983,38313.033482666666,6.810832419840995,50065.082664,3.2916355158674193,38264.372016,1.3067376324208346
REMIND-MAgPIE 1.7-3.0_PEP_2C_full_netzero,C2,3.3663512487519975,39125.656652000005,6.647008206585792,49267.224396000005,3.3544747976612443,38920.985652,1.2592050488558788
REMIND-MAgPIE 1.7-3.0_PEP_2C_red_NDC,C2,3.5798832368856726,44326.84989733334,7.623564583496223,59673.129024,3.4707221743915495,42326.26916400001,1.3462073023959655
REMIND-MAgPIE 1.7-3.0_PEP_2C_red_eff,C1,3.8589829104173967,46710.29923466669,6.93364059176802,57278.504136,3.826863064732411,46110.78856800002,1.2262499935665148
REMIND-MAgPIE 1.7-3.0_PEP_2C_red_goodpractice,C2,3.687180573597182,45289.37434266666,7.3661641550063495,58881.093444000006,3.593846946712276,43569.990876,1.3001083432616274
REMIND-MAgPIE 1.7-3.0_PEP_2C_red_netzero,C2,3.7135246858349014,45300.42126533334,7.181878217216031,57691.814976,3.6108048886231314,43416.51193200001,1.27353815625881
REMIND-MAgPIE 1.7-3.0_SMP_2C_lifesty,C1,3.3247130075815035,37088.225168000004,6.275591309792761,46670.661132,3.3221109912703772,37044.785568,1.2583686849557794
REMIND-MAgPIE 2.0-4.1_Diff_1300Gt_hybrid_def,C3,3.5177157263245995,39960.83356666667,6.41863000824856,47959.180872,3.147380809421274,33792.2865,1.2001546662431275
REMIND-MAgPIE 2.0-4.1_Diff_1300Gt_no-transfer_def,C3,3.7349617421203574,43314.15874800001,6.287791446069413,48196.794324,3.261840272479777,35089.37914800001,1.1127260858142707
REMIND-MAgPIE 2.0-4.1_Diff_1300Gt_uniform-pricing_def,C3,3.4896273930673294,39580.16477066667,6.510270033584997,48717.447084,3.1079937374926203,33294.79670399999,1.2308550852750637
REMIND-MAgPIE 2.1-4.2_CEMICS_SSP1-1p5C-fullCDR,C1,3.7903642695706674,40684.27587333333,6.51259378142095,50652.557436,3.2589669343142003,32276.27634,1.245015582769667
REMIND-MAgPIE 2.1-4.2_CEMICS_SSP1-1p5C-minCDR,C1,4.526380701087773,52972.639633333325,6.999063960229868,60676.764864,3.6709355557235535,37748.1585,1.145435932284915
REMIND-MAgPIE 2.1-4.2_CEMICS_SSP2-1p5C-fullCDR,C1,4.102495775648518,47372.84019066666,6.808714422416262,55990.284419999996,3.678801166681578,39779.454324000006,1.1819068519989462
REMIND-MAgPIE 2.1-4.2_CEMICS_SSP2-1p5C-minCDR,C1,4.970815443666665,63185.765456,7.22196591301707,67426.17699600002,4.119224145597555,45909.372456,1.0671102345504206
REMIND-MAgPIE 2.1-4.2_CEMICS_SSP2-2C-fullCDR,C3,3.4536854300549535,37393.20261333333,6.486511450631727,47323.963392000005,3.0305251909917175,30840.411480000006,1.2655766311689403
REMIND-MAgPIE 2.1-4.2_CEMICS_SSP2-2C-minCDR,C3,4.014637323618753,46379.723848,6.85412986678422,55040.54733599999,3.5463301751295973,38182.26544799999,1.186737280204256
REMIND-MAgPIE 2.1-4.2_EN_INDCi2030_1000,C3,3.9218208988526904,45691.198392000006,6.815217232881299,56269.451195999995,3.4963592393333576,38197.399992,1.2315162039140588
REMIND-MAgPIE 2.1-4.2_EN_INDCi2030_1000_COV,C3,3.632899031944725,38191.428381333346,6.37061975537887,47685.297852,3.226356870709468,31912.319448000002,1.2485863942000905
REMIND-MAgPIE 2.1-4.2_EN_INDCi2030_1000_COV_NDCp,C3,3.6413312233857242,38273.50680266667,6.310977442656762,47573.833380000004,3.24043666142404,32032.317935999996,1.242996457713808
REMIND-MAgPIE 2.1-4.2_EN_INDCi2030_1000_NDCp,C3,3.9287451798327044,45716.97502799999,6.736848226994563,56053.550592,3.5095408899336045,38273.133828000005,1.2260992893267595
REMIND-MAgPIE 2.1-4.2_EN_INDCi2030_1000f,C3,3.900651959571655,45309.38971866667,6.793106297831497,55901.03283600001,3.475693032082061,37862.567652,1.2337626523574599
REMIND-MAgPIE 2.1-4.2_EN_INDCi2030_1000f_COV,C3,3.603214477811245,37722.651908,6.338292155282388,47215.649172000005,3.198362721539838,31513.315307999997,1.2516524365029273
REMIND-MAgPIE 2.1-4.2_EN_INDCi2030_1000f_COV_NDCp,C3,3.6038566769340585,37681.86152933334,6.269056893508829,46964.34018000001,3.2049175074970515,31526.082996,1.246338112660404
REMIND-MAgPIE 2.1-4.2_EN_INDCi2030_1000f_NDCp,C3,3.898794477415035,45177.620474666684,6.70540023118571,55529.536452,3.480523892739673,37803.679608000006,1.2291381411541615
REMIND-MAgPIE 2.1-4.2_EN_INDCi2030_1200,C3,3.7259396827539426,42231.436032,6.587281473290307,52561.543476,3.3103237346749026,35242.663632,1.244607060867468
REMIND-MAgPIE 2.1-4.2_EN_INDCi2030_1200f,C3,3.7218034006803347,42160.12420533334,6.583655845027314,52504.149996,3.306077993405543,35176.76947200001,1.2453509325610126
REMIND-MAgPIE 2.1-4.2_EN_INDCi2030_1400,C4,3.5729316436177605,39640.272125333344,6.37513275344872,49284.08685600001,3.1740895318354,33161.719392,1.2432832625410632
REMIND-MAgPIE 2.1-4.2_EN_INDCi2030_1400f,C4,3.5729316436177605,39640.272125333344,6.37513275344872,49284.08685600001,3.1740895318354,33161.719392,1.2432832625410632
REMIND-MAgPIE 2.1-4.2_EN_INDCi2030_300f,C2,4.377869826287184,54406.22577866666,7.27145268126026,64312.233456,3.7458022194422513,42373.400712,1.1820748918999195
REMIND-MAgPIE 2.1-4.2_EN_INDCi2030_400f,C2,4.302377789513723,52896.93141866666,7.20279311895764,63046.437756,3.7211505497949826,41949.422351999994,1.1918732536109213
REMIND-MAgPIE 2.1-4.2_EN_INDCi2030_500f,C2,4.212561366298284,51136.469058666655,7.1188492139533155,61526.14947599999,3.6854177819073186,41339.317992,1.2031755537405937
REMIND-MAgPIE 2.1-4.2_EN_INDCi2030_600_COV,C2,4.230705631746878,48381.55575466667,6.976756915309346,57183.91879200001,3.4997716334719264,35954.809488,1.181936337102684
REMIND-MAgPIE 2.1-4.2_EN_INDCi2030_600_COV_NDCp,C2,4.212023414327026,47975.64443600002,6.893796440723898,56699.396700000005,3.5122018892357776,36053.05623599999,1.1818371043590161
REMIND-MAgPIE 2.1-4.2_EN_INDCi2030_600f,C2,4.129245813574789,49536.99486533333,7.039309196775867,60112.841975999996,3.6512284207256496,40760.466132,1.2134939178167183
REMIND-MAgPIE 2.1-4.2_EN_INDCi2030_600f_COV,C2,3.891689027260181,42423.494461333335,6.672782171840286,52251.82981200001,3.4643813081852937,35416.377528,1.231671989199868
REMIND-MAgPIE 2.1-4.2_EN_INDCi2030_600f_COV_NDCp,C2,3.8874442897842254,42294.80288266667,6.598532417519709,51920.48664,3.46615186961019,35353.028016,1.2275854975382365
REMIND-MAgPIE 2.1-4.2_EN_INDCi2030_600f_NDCp,C2,4.133489978986793,49509.91049466667,6.95750387498788,59840.82577200001,3.6622456620207577,40798.61362800001,1.2086635821821212
REMIND-MAgPIE 2.1-4.2_EN_INDCi2030_700,C3,4.514757518137769,57213.56177866667,7.397530462075674,66689.979216,3.7697287237132615,42787.322711999994,1.1656323630749175
REMIND-MAgPIE 2.1-4.2_EN_INDCi2030_700f,C3,4.07077468193513,48433.430518666675,6.980658718901722,59087.39883599999,3.620874521874118,40250.536452,1.2199713752100871
REMIND-MAgPIE 2.1-4.2_EN_INDCi2030_800,C3,4.367213066344755,54191.50939199999,7.268810460150221,64263.14619599999,3.7781679961481407,42933.889992,1.1858526717007594
REMIND-MAgPIE 2.1-4.2_EN_INDCi2030_800f,C3,4.018768740218093,47464.82787866666,6.92850961096052,58187.35461600001,3.5807855751299966,39582.76081200001,1.225904679666028
REMIND-MAgPIE 2.1-4.2_EN_INDCi2030_900,C3,4.08800191832932,48756.962798666675,6.9956563222577595,59348.280816,3.6384729970833085,40545.726731999996,1.2172267797128447
REMIND-MAgPIE 2.1-4.2_EN_INDCi2030_900f,C3,3.9625108125460384,46430.575352,6.862463416081588,57063.098016,3.5338709680068803,38809.448952,1.228998296561966
REMIND-MAgPIE 2.1-4.2_EN_NPi2020_1000,C3,3.901020109736897,45006.350461333335,6.579227487587835,54734.150603999995,3.4885010350551138,37755.731328,1.2161428341323561
REMIND-MAgPIE 2.1-4.2_EN_NPi2020_1000_COV,C3,3.642303990809359,38039.301102666665,6.234663895647996,47067.398424,3.240186153251745,31832.163035999994,1.2373360461320473
REMIND-MAgPIE 2.1-4.2_EN_NPi2020_1000f,C3,3.874207545860231,44448.23538,6.553150650650608,54213.997884,3.4623702533634226,37279.12098,1.2197109158667347
REMIND-MAgPIE 2.1-4.2_EN_NPi2020_1000f_COV,C3,3.6327293562538054,37816.674970666674,6.283727665664762,47007.054707999996,3.229153975860899,31638.830904000002,1.243024532020915
REMIND-MAgPIE 2.1-4.2_EN_NPi2020_1200,C3,3.712808026329162,41981.64132000001,6.5201394998571915,52220.54397600001,3.2982550950319434,35029.85772000001,1.243890003679351
REMIND-MAgPIE 2.1-4.2_EN_NPi2020_1200f,C3,3.713483950381935,41864.34744933335,6.5740458965587,52244.018076,3.297755954364412,34940.911715999995,1.2479358035910801
REMIND-MAgPIE 2.1-4.2_EN_NPi2020_1400,C4,3.5624696537294165,39576.308000000005,6.410377868976225,49363.054284000005,3.1608377451557867,33080.424,1.2472880058443045
REMIND-MAgPIE 2.1-4.2_EN_NPi2020_1400f,C4,3.5624696537294165,39576.308000000005,6.410377868976225,49363.054284000005,3.1608377451557867,33080.424,1.2472880058443045
REMIND-MAgPIE 2.1-4.2_EN_NPi2020_1600,C4,3.4413741450698865,37743.80243600001,6.269835370533183,46762.607376,3.0585778375739947,31694.929836000007,1.2389479691478529
REMIND-MAgPIE 2.1-4.2_EN_NPi2020_1600f,C4,3.4413741450698865,37743.80243600001,6.269835370533183,46762.607376,3.0585778375739947,31694.929836000007,1.2389479691478529
REMIND-MAgPIE 2.1-4.2_EN_NPi2020_200f,C1,4.5771139362690505,56073.89784800001,6.701667996730709,62819.930748,4.006036509544275,44734.734048,1.1203061167298647
REMIND-MAgPIE 2.1-4.2_EN_NPi2020_300f,C1,4.458147886920072,53918.252446666665,6.646216856921128,61220.53613999999,3.949013747944252,43954.65498000001,1.1354324994222762
REMIND-MAgPIE 2.1-4.2_EN_NPi2020_400,C1,5.243898344685927,68691.75418533334,6.744381806194877,70386.71382,4.236175225851935,46910.791452000005,1.024674863158882
REMIND-MAgPIE 2.1-4.2_EN_NPi2020_400f,C1,4.341681595343672,51913.65501866669,6.61465123472984,59802.78384000002,3.8812408420889843,43041.17635200001,1.1519663529469581
REMIND-MAgPIE 2.1-4.2_EN_NPi2020_500,C1,4.844296465423459,60676.001632,6.67438961247111,65270.237868,4.157735975850296,46516.34323200001,1.0757175178394918
REMIND-MAgPIE 2.1-4.2_EN_NPi2020_500f,C2,4.26019007171865,50532.68270266667,6.593270899733938,58827.511379999996,3.8318128174565036,42370.783836,1.1641477996753098
REMIND-MAgPIE 2.1-4.2_EN_NPi2020_600,C1,4.530523504463102,55038.29784133332,6.630016885284662,61825.640100000004,4.020278850838377,44889.38530800001,1.1233203519162878
REMIND-MAgPIE 2.1-4.2_EN_NPi2020_600_COV,C1,4.155852321428344,45055.87054933333,6.248379642902502,52101.13998000001,3.7589124111435446,38129.639016,1.1563674021779815
REMIND-MAgPIE 2.1-4.2_EN_NPi2020_600f,C2,4.185707958936469,49326.06752266667,6.591618092924145,58027.23625199999,3.772095649556717,41557.35765600001,1.1764010221438166
REMIND-MAgPIE 2.1-4.2_EN_NPi2020_600f_COV,C1,3.9732204963653706,42564.646142666665,6.271518403491072,50469.93171600001,3.5763595418032423,35938.269276000006,1.1857242169202273
REMIND-MAgPIE 2.1-4.2_EN_NPi2020_700,C3,4.2506246631434985,50409.41204666668,6.59517461761765,58759.03923600001,3.829488972907358,42384.25158,1.1656362740673039
REMIND-MAgPIE 2.1-4.2_EN_NPi2020_700f,C3,4.114991427133163,48174.50904666667,6.575802960885313,57108.962796,3.7055610788069737,40609.38738000001,1.1854601930800897
REMIND-MAgPIE 2.1-4.2_EN_NPi2020_800,C3,4.09197760176474,47893.40672400001,6.582602798889137,56959.08969600001,3.6832378077352512,40369.779324,1.1892887474938605
REMIND-MAgPIE 2.1-4.2_EN_NPi2020_800f,C3,4.053159769724091,47286.468276,6.572623190819682,56442.77617199999,3.644662076195071,39834.414275999996,1.1936348437476187
REMIND-MAgPIE 2.1-4.2_EN_NPi2020_900,C3,3.9684537700201528,45987.04891866665,6.572588189528972,55483.00495200001,3.5576517989293954,38649.297252000004,1.2064919636423732
REMIND-MAgPIE 2.1-4.2_EN_NPi2020_900f,C3,3.9611980466482066,45819.74418266667,6.559474694808709,55289.21167200001,3.5513716028977127,38515.086515999996,1.2066678384667975
REMIND-MAgPIE 2.1-4.2_NGFS2_Below 2°C,C3,2.7802823564285983,27371.531522666668,5.728072517894223,38435.474592,2.4060774952150865,22401.936456000003,1.4042135187127238
REMIND-MAgPIE 2.1-4.2_NGFS2_Below 2°C - IPD-95th,C3,2.6978981872515906,26085.239950666673,5.476180435374589,36479.92927200001,2.334723874724709,21368.592684,1.3984893120014283
REMIND-MAgPIE 2.1-4.2_NGFS2_Below 2°C - IPD-median,C3,2.7250519021416952,26487.557258666668,5.550433557824319,37064.842727999996,2.358940277659416,21700.802592,1.399330348436433
REMIND-MAgPIE 2.1-4.2_NGFS2_Delayed Transition,C3,3.046712861058243,31642.132278666682,6.496432266132679,43734.292908,2.3440186254461315,22083.305411999998,1.3821537854288641
REMIND-MAgPIE 2.1-4.2_NGFS2_Divergent Net Zero Policies,C1,3.1172825105298063,31382.965148000014,5.674994313011417,40756.865844,2.6068543028413327,24264.902148000005,1.2986939140961755
REMIND-MAgPIE 2.1-4.2_NGFS2_Net-Zero 2050,C1,3.1547230885767608,31597.746889333343,5.701706846730503,40921.66236000001,2.6747817154565645,24875.606556000002,1.2950816557687599
REMIND-MAgPIE 2.1-4.2_NGFS2_Net-Zero 2050 - IPD-95th,C1,3.1111698645574837,30563.64641066668,5.509056442941285,39363.609948000005,2.654316683375302,24275.130744000006,1.2879225671928383
REMIND-MAgPIE 2.1-4.2_NGFS2_Net-Zero 2050 - IPD-median,C1,3.1517553101901186,31196.830587999997,5.573357398315437,40017.823392,2.675728648989417,24593.206187999996,1.2827528514192412
REMIND-MAgPIE 2.1-4.2_SusDev_SDP-PkBudg1000,C1,3.583202378533157,39144.96541866667,5.999517828919765,48201.172452,3.04326641273287,30559.066751999995,1.2313504926233705
REMIND-MAgPIE 2.1-4.2_SusDev_SSP1-PkBudg900,C1,4.234189804468258,48550.69207066667,6.38873680019596,56091.603636,3.5784688510604346,36979.397004,1.1553203722483987
REMIND-MAgPIE 2.1-4.2_SusDev_SSP2-PkBudg900,C1,4.450449424700764,53831.62208533334,6.625073017246352,61084.408584000004,3.9361221403539037,43762.067352,1.134730966998721
REMIND-MAgPIE 2.1-4.3_DeepElec_SSP2_ HighRE_Budg1100,C3,4.0993263722568285,50257.64377066668,6.659520513320305,60364.184303999995,3.5236957462545737,39580.577304000006,1.2010945952709404
REMIND-MAgPIE 2.1-4.3_DeepElec_SSP2_ HighRE_Budg1300,C3,3.8816191776235964,46785.436671999996,6.63393329733919,57967.58148000001,3.4584341340458513,39079.58167199999,1.2390090935005051
REMIND-MAgPIE 2.1-4.3_DeepElec_SSP2_ HighRE_Budg900,C1,4.516054250085477,57194.088432000004,6.705819077608233,64937.66126400001,3.715766584065361,41630.95243199999,1.13539113996382
REMIND-MAgPIE 2.1-4.3_DeepElec_SSP2_def_Budg1100,C2,3.1794918578464504,34383.288784000004,5.955964605792019,45328.181520000006,2.7799960322925754,28282.340184,1.3183201236146183
REMIND-MAgPIE 2.1-4.3_DeepElec_SSP2_def_Budg1300,C3,3.0254853979501783,32504.10119066667,6.016938081911438,44268.830112,2.636509105932361,26739.522324000005,1.3619459849796276
REMIND-MAgPIE 2.1-4.3_DeepElec_SSP2_def_Budg900,C1,3.366690104855863,36336.35893200001,5.816893551628444,45911.205936,2.907758181313591,29182.039931999996,1.2635059561668904
REMIND-Transport 2.1_Transport_Budg1100_Conv,C3,4.307485404609412,49644.544077333354,6.623488872517935,55929.401772,3.5715913283933753,36759.740544,1.1265971480144215
REMIND-Transport 2.1_Transport_Budg1100_Conv-LowD,C3,4.197441171906147,48172.359261333346,6.612212629594771,55043.608691999994,3.5132678958480934,36308.115527999995,1.1426388397003842
REMIND-Transport 2.1_Transport_Budg1100_ConvSyn,C3,4.898091033946073,70526.77664400001,7.3707770992026855,73229.01896400002,3.532851124655134,36422.90804400001,1.0383151258087433
REMIND-Transport 2.1_Transport_Budg1100_ElecPush,C3,4.265864610984105,50105.28236266666,6.732967312201565,57137.75398800001,3.6245622875438643,38567.062895999996,1.1403538967095659
REMIND-Transport 2.1_Transport_Budg1100_ElecPush-LowD,C3,4.1399795182224475,48021.81765733333,6.6669888502779,55544.154288,3.5610459097015656,37776.516324,1.156644146299155
REMIND-Transport 2.1_Transport_Budg1100_H2Push,C3,4.566006949427059,55352.812257333324,6.865853046156456,60200.53788,3.4677392382581607,35500.778724,1.08757866899571
WITCH 5.0_CO_2Deg2020,C3,2.621534932333347,21049.535896507496,5.2107762899330945,31922.97633779272,2.621534932333347,21049.535896507496,1.5165643791267307
WITCH 5.0_CO_2Deg2030,C3,1.8100588719591748,16052.190630217636,5.424369461845613,33233.813032681675,1.8100588719591748,16052.190630217636,2.070359977542273
WITCH 5.0_CO_Bridge,C3,3.6893465118984725,41840.70600363413,7.248454167667129,57945.77402995963,3.576101060943193,39910.090693631675,1.384913868922926
WITCH 5.0_EN_INDCi2030_1000,C3,2.5717648077285604,26248.29585331803,6.2409332905612125,43897.13656539241,2.467685411424392,24826.889028479007,1.6723804398845723
WITCH 5.0_EN_INDCi2030_1000_NDCp,C3,2.5752244832573545,26196.941746421413,6.250120505486101,43930.47701585363,2.4702985405753886,24768.065738276677,1.6769315075434206
WITCH 5.0_EN_INDCi2030_1000f,C3,2.548895563074982,25934.308320440596,6.208258028835378,43456.06408249845,2.445398911299823,24528.62811397276,1.6756207085055654
WITCH 5.0_EN_INDCi2030_1000f_NDCp,C3,2.559484294230452,25981.27878098771,6.216001010243022,43469.94772861477,2.4557049925902907,24573.19071414204,1.6731257955025953
WITCH 5.0_EN_INDCi2030_1200,C4,2.5194216452089746,25532.214082292976,6.166977399563889,42903.65909985009,2.4158156252187313,24135.211588076018,1.6803736237510443
WITCH 5.0_EN_INDCi2030_1200_NDCp,C4,2.5322348292369457,25609.873113435824,6.178590535265771,42969.23089330437,2.4284929255557364,24211.66249317135,1.6778384923258844
WITCH 5.0_EN_INDCi2030_1200f,C4,2.510577907002065,25412.127047564336,6.143689938876773,42594.394047127214,2.406891005280132,24017.08326601727,1.6761443844272665
WITCH 5.0_EN_INDCi2030_1200f_NDCp,C4,2.530032696585738,25579.96603362757,6.156239177672251,42672.16921690579,2.4263251205403957,24182.965057058802,1.6681870945727104
WITCH 5.0_EN_INDCi2030_1400,C4,2.4775609153464107,24966.07880982314,6.089464491235486,41880.80280412397,2.3725229720358954,23564.57658013469,1.677508235199737
WITCH 5.0_EN_INDCi2030_1400_NDCp,C4,2.503202461445264,25216.872532951427,6.1113498958359935,42080.26959203522,2.397730032198453,23805.840684268795,1.6687346750493357
WITCH 5.0_EN_INDCi2030_1400f,C4,2.4781101352914003,24973.469239416456,6.087742619472225,41858.29247608727,2.373177885406741,23573.16405235515,1.6761104384336374
WITCH 5.0_EN_INDCi2030_1400f_NDCp,C4,2.501190032410072,25189.733998866803,6.101391208651008,41949.802840890225,2.396375395992756,23788.040385389137,1.6653531491351754
WITCH 5.0_EN_INDCi2030_500f,C2,2.633804614885027,27108.948470348336,6.338926983312421,45240.4367931653,2.5257180262759915,25611.19310157019,1.6688377582276612
WITCH 5.0_EN_INDCi2030_600f,C3,2.6096104117251384,26771.76395211418,6.299451480448637,44695.578875010564,2.50254691555285,25296.70622967841,1.6695044433738528
WITCH 5.0_EN_INDCi2030_600f_NDCp,C3,2.6341428489215613,27011.59060072174,6.324214288239816,44943.38278808147,2.5261913728702456,25520.8807576649,1.6638554705060795
WITCH 5.0_EN_INDCi2030_700f,C3,2.600568971556938,26646.26644741111,6.281358412609883,44447.53599615725,2.4961559680326317,25210.278158206205,1.668058678459836
WITCH 5.0_EN_INDCi2030_700f_NDCp,C3,2.614211798872712,26734.69928097575,6.293470845630256,44520.95806626988,2.5092926551920636,25292.190297327743,1.6652874078875735
WITCH 5.0_EN_INDCi2030_800,C3,2.669084845886216,27604.209480802896,6.367817846634893,45642.41791726305,2.5612603392032307,26097.052775377393,1.6534586128613704
WITCH 5.0_EN_INDCi2030_800_NDCp,C3,2.706117965617705,28022.767385015148,6.404709930237762,46063.9901396235,2.597597961923359,26497.696453791392,1.6438058920710197
WITCH 5.0_EN_INDCi2030_800f,C3,2.5851529596739864,26432.924826142113,6.2552247256752125,44091.12056098698,2.4811984726141434,25008.526134110314,1.6680379054148766
WITCH 5.0_EN_INDCi2030_800f_NDCp,C3,2.5945629328345987,26463.041145437863,6.27050544781238,44207.39319514041,2.4891231723815466,25020.467476427653,1.6705333658433892
WITCH 5.0_EN_INDCi2030_900,C3,2.6128640512383283,26816.99298827613,6.292857211990666,44605.05394934997,2.5087970557015504,25381.360489201314,1.6633130332267465
WITCH 5.0_EN_INDCi2030_900_NDCp,C3,2.6172309880225786,26776.55689143383,6.296699477227685,44565.177103642636,2.512607800503752,25336.979905331722,1.664335608358206
WITCH 5.0_EN_INDCi2030_900f,C3,2.570182731649817,26226.518047770147,6.240802305634263,43895.36166389973,2.465691742530418,24800.141592120945,1.673701464447044
WITCH 5.0_EN_INDCi2030_900f_NDCp,C3,2.575773006767279,26204.472227369253,6.246164486813255,43876.89078910284,2.470887749679429,24775.948327609407,1.6744046744538377
WITCH 5.0_EN_NPi2020_1000,C3,3.376388686798415,31180.761138832375,6.182675227665646,43164.40442414691,3.2676595108161566,29711.62693736111,1.3843281192513983
WITCH 5.0_EN_NPi2020_1000f,C3,3.3031907203310285,30712.829965307676,6.202484369133732,42925.14547759872,3.196320481851145,29270.567343262654,1.3976291187131151
WITCH 5.0_EN_NPi2020_1200,C4,3.1709196966951847,29585.69030594703,6.154441018471601,42159.83560893042,3.060985803070304,28119.499310998515,1.4250076700240406
WITCH 5.0_EN_NPi2020_1200f,C4,3.144589188553071,29468.95394445502,6.156164364076422,42168.87063758963,3.0352952028179336,28009.120021338244,1.4309591958056003
WITCH 5.0_EN_NPi2020_1400,C4,2.9893357832941225,28312.70991295908,6.132282469188266,41582.11521954378,2.878890096672948,26847.527410694263,1.468673092310077
WITCH 5.0_EN_NPi2020_1400f,C4,2.9721148450840396,28171.284590569245,6.12524629367357,41476.527698223545,2.862029885543649,26712.479149570634,1.4722980616974928
WITCH 5.0_EN_NPi2020_1600,C4,2.837378645344102,27151.71231205422,6.097110413400975,40926.861329115214,2.7274202167449912,25702.570412069974,1.5073399739487299
WITCH 5.0_EN_NPi2020_1600f,C4,2.8294156109604396,27100.903923586793,6.096263196707996,40897.88959587666,2.7199297088092544,25657.84041670229,1.5090968814616512
WITCH 5.0_EN_NPi2020_400f,C1,3.7138518080300775,34173.806576719566,6.239090655787649,45165.16310176922,3.606082308475189,32663.514072449696,1.3216310275641743
WITCH 5.0_EN_NPi2020_450,C1,3.906039446275167,36862.29836871728,6.353911500397258,48132.38380539791,3.7964703850541293,35244.30710149594,1.305734746215522
WITCH 5.0_EN_NPi2020_450f,C1,3.6858387187858943,33930.08085778906,6.231991953779348,44948.28588921576,3.5793378208984095,32442.01642534636,1.324732648814108
WITCH 5.0_EN_NPi2020_500,C1,3.869109910778823,36241.921194283874,6.3896968254395725,47598.2889136335,3.7575140780718552,34626.12522294292,1.3133489435747896
WITCH 5.0_EN_NPi2020_500f,C1,3.654774390960025,33660.497298345756,6.248492084837465,44774.35691704902,3.5495997762483356,32193.93216796162,1.3301751462611178
WITCH 5.0_EN_NPi2020_600,C3,3.8057864489526194,35371.67885572478,6.324088946854389,46516.912531728696,3.695102736231992,33797.63383772347,1.3150891910294527
WITCH 5.0_EN_NPi2020_600f,C3,3.5763773947910416,32908.86206045894,6.237380927569891,44278.0133300226,3.470854069257401,31454.433863341274,1.3454738498303795
WITCH 5.0_EN_NPi2020_700,C3,3.6453159144292924,33502.597072950026,6.205823755056494,44520.639129667834,3.5398751465797407,32036.559827264406,1.3288712822091564
WITCH 5.0_EN_NPi2020_700f,C3,3.515362837477576,32412.919841814877,6.223221813923452,44005.41387217339,3.4084927519472563,30948.23438558897,1.357650408754703
WITCH 5.0_EN_NPi2020_800f,C3,3.4546360625608896,31918.842120430534,6.214421467456854,43694.07747759593,3.3482837526041864,30467.96064800885,1.3689117328484899
WITCH 5.0_EN_NPi2020_900f,C3,3.3853882695991766,31347.859485515317,6.19750586890937,43281.8106353255,3.278830801075916,29902.29777290587,1.3806942912744782
WITCH-GLOBIOM 4.4_CD-LINKS_INDC2030i_1600,C3,1.587613462716253,12059.882589731322,4.605381781916296,24416.791758338688,1.587613462716253,12059.882589731322,2.0246293093374685
WITCH-GLOBIOM 4.4_CD-LINKS_NDC2030i_1000,C2,1.7123637601914599,13223.48295420959,4.933656242278284,27421.00331708182,1.7123637601914599,13223.48295420959,2.0736596713615882
WITCH-GLOBIOM 4.4_CD-LINKS_NPi2020_1000,C1,2.182163724314501,15853.427369913592,5.097910637680347,27471.697871710738,2.182163724314501,15853.427369913592,1.7328554407008627
WITCH-GLOBIOM 4.4_CD-LINKS_NPi2020_1600,C3,1.8476502822376784,13790.346032947815,4.9025241153247245,25026.64380216949,1.8476502822376784,13790.346032947815,1.8147944759599197
WITCH-GLOBIOM 4.4_CD-LINKS_NPi2020_400,C1,2.370126163609454,17386.374861895423,5.093763619652147,29810.786310564246,2.370126163609454,17386.374861895423,1.71460621017085
