Facility ID,Country,Longitude,Latitude,Sector,Facility Type,Start Year,Close Year,Capacity,Capacity Unit,Year,Activity rates,Activity type,Activity rates Unit,CO2 Eta (%),CO2 Emissions,Production,Production Unit
1,Asia,,,Power,Coal,2010,9999,8326396.958,MWh,2024,5292.537201,Fuel consumption,kt,0,8097179.614,5221154840,KWh
2,Asia,,,Power,Coal,2010,9999,8326396.958,MWh,2024,5292.537201,Fuel consumption,kt,0,8097179.614,5221154840,KWh
3,Asia,,,Power,Coal,2013,9999,8326396.958,MWh,2024,5292.537201,Fuel consumption,kt,0,8097179.614,5221154840,KWh
4,Asia,,,Power,Coal,2013,9999,8326396.958,MWh,2024,2722.915549,Fuel consumption,kt,0,4623713.186,2686190605,KWh
5,Asia,,,Power,Coal,2009,9999,9991676.348,MWh,2024,6294.193809,Fuel consumption,kt,0,9629638.083,6265385808,KWh
6,Asia,,,Power,Coal,1981,9999,1998335.27,MWh,2024,1166.610397,Fuel consumption,kt,0,1106723.86,1122780000,KWh
7,Asia,,,Power,Coal,2004,9999,4995838.175,MWh,2024,3224.377056,Fuel consumption,kt,0,4933051.802,3132692904,KWh
8,Asia,,,Power,Coal,2002,9999,4995838.175,MWh,2024,3224.377056,Fuel consumption,kt,0,4933051.802,3132692904,KWh
9,Asia,,,Power,Coal,2010,9999,8326396.958,MWh,2024,5292.537201,Fuel consumption,kt,0,8097179.614,5221154840,KWh
10,Asia,,,Power,Coal,1999,9999,8326396.958,MWh,2024,5292.537201,Fuel consumption,kt,0,8097179.614,5221154840,KWh
11,Asia,,,Power,Coal,1999,9999,8326396.958,MWh,2024,2722.915549,Fuel consumption,kt,0,4623713.186,2686190605,KWh
12,Asia,,,Power,Coal,2008,9999,8326396.958,MWh,2024,4742.209896,Fuel consumption,kt,0,4498774.273,4678250000,KWh
13,Asia,,,Power,Coal,2007,9999,8326396.958,MWh,2024,5292.537201,Fuel consumption,kt,0,8097179.614,5221154840,KWh
14,Asia,,,Power,Coal,2002,9999,4995838.175,MWh,2024,1658.884216,Fuel consumption,kt,0,2816908.82,1611714363,KWh
15,Asia,,,Power,Coal,2002,9999,4995838.175,MWh,2024,3224.377056,Fuel consumption,kt,0,4933051.802,3132692904,KWh
16,Asia,,,Power,Coal,1979,9999,8326396.958,MWh,2024,4742.209896,Fuel consumption,kt,0,4498774.273,4678250000,KWh
17,Asia,,,Power,Coal,1992,9999,8326396.958,MWh,2024,5292.537201,Fuel consumption,kt,0,8097179.614,5221154840,KWh
18,Asia,,,Power,Coal,2002,9999,8326396.958,MWh,2024,5292.537201,Fuel consumption,kt,0,8097179.614,5221154840,KWh
19,Asia,,,Power,Coal,2006,9999,2664447.026,MWh,2024,1733.125785,Fuel consumption,kt,0,2651550.711,1670769549,KWh
20,Asia,,,Power,Coal,2006,9999,2664447.026,MWh,2024,1733.125785,Fuel consumption,kt,0,2651550.711,1670769549,KWh
21,Asia,,,Power,Coal,2013,9999,13322235.13,MWh,2024,8226.744216,Fuel consumption,kt,0,12586293.31,8353847743,KWh
22,Asia,,,Power,Coal,2013,9999,13322235.13,MWh,2024,8226.744216,Fuel consumption,kt,0,12586293.31,8353847743,KWh
23,Asia,,,Power,Coal,2015,9999,233139114.8,MWh,2024,83750.21525,Fuel consumption,kt,0,148384608.2,1.44E+11,KWh
24,Asia,,,Power,Coal,2014,9999,49958381.75,MWh,2024,24491.96731,Fuel consumption,kt,0,37470848.28,31326929045,KWh
25,Asia,,,Power,Coal,2014,9999,49958381.75,MWh,2024,24491.96731,Fuel consumption,kt,0,37470848.28,31326929045,KWh
26,Asia,,,Power,Coal,2014,9999,49958381.75,MWh,2024,12600.67829,Fuel consumption,kt,0,21396889.23,16117143629,KWh
27,Asia,,,Power,Coal,2014,9999,49958381.75,MWh,2024,24491.96731,Fuel consumption,kt,0,37470848.28,31326929045,KWh
28,Asia,,,Power,Coal,2014,9999,49958381.75,MWh,2024,24491.96731,Fuel consumption,kt,0,37470848.28,31326929045,KWh
29,Asia,,,Power,Coal,2014,9999,49958381.75,MWh,2024,12600.67829,Fuel consumption,kt,0,21396889.23,16117143629,KWh
30,Asia,,,Power,Coal,2002,9999,7660285.201,MWh,2024,4885.569532,Fuel consumption,kt,0,7474550.017,4803462454,KWh
31,Asia,,,Power,Coal,2003,9999,8326396.958,MWh,2024,5292.537201,Fuel consumption,kt,0,8097179.614,5221154840,KWh
32,Asia,,,Power,Coal,2009,9999,8326396.958,MWh,2024,5292.537201,Fuel consumption,kt,0,8097179.614,5221154840,KWh
33,Asia,,,Power,Coal,1980,9999,8326396.958,MWh,2024,5292.537201,Fuel consumption,kt,0,8097179.614,5221154840,KWh
34,Asia,,,Power,Coal,2015,9999,3330558.783,MWh,2024,2162.231544,Fuel consumption,kt,0,3308049.904,2088461936,KWh
35,Asia,,,Power,Coal,2000,9999,8326396.958,MWh,2024,5292.537201,Fuel consumption,kt,0,8097179.614,5221154840,KWh
36,Asia,,,Power,Coal,2004,9999,4995838.175,MWh,2024,3224.377056,Fuel consumption,kt,0,4933051.802,3132692904,KWh
37,Asia,,,Power,Coal,2013,9999,9991676.348,MWh,2024,3238.249925,Fuel consumption,kt,0,5498789.298,3223428726,KWh
38,Asia,,,Power,Coal,2013,9999,9991676.348,MWh,2024,6294.193809,Fuel consumption,kt,0,9629638.083,6265385808,KWh
39,Asia,,,Power,Coal,1942,9999,1998335.27,MWh,2024,1301.99402,Fuel consumption,kt,0,1991951.882,1253077162,KWh
40,Asia,,,Power,Coal,2007,9999,2731058.202,MWh,2024,1707.82591,Fuel consumption,kt,0,1790047.455,1779011400,KWh
41,Asia,,,Power,Coal,2007,9999,41631984.79,MWh,2024,19127.48313,Fuel consumption,kt,0,18145596.86,23391250001,KWh
42,Asia,,,Power,Coal,2006,9999,41631984.79,MWh,2024,19127.48313,Fuel consumption,kt,0,18145596.86,23391250001,KWh
43,Asia,,,Power,Coal,1998,9999,21648632.09,MWh,2024,12250.68727,Fuel consumption,kt,0,21705179.2,13373225701,KWh
44,Asia,,,Power,Coal,1998,9999,21648632.09,MWh,2024,12250.68727,Fuel consumption,kt,0,21705179.2,13373225701,KWh
45,Asia,,,Power,Coal,1998,9999,21648632.09,MWh,2024,12250.68727,Fuel consumption,kt,0,21705179.2,13373225701,KWh
46,Asia,,,Power,Coal,2009,9999,69941734.44,MWh,2024,31527.215,Fuel consumption,kt,0,48234242.44,43857700646,KWh
47,Asia,,,Power,Coal,2014,9999,3996670.54,MWh,2024,2589.031279,Fuel consumption,kt,0,3961021.057,2506154323,KWh
48,Asia,,,Power,Coal,2008,9999,399667.054,MWh,2024,261.0675039,Fuel consumption,kt,0,399413.4365,250615432.3,KWh
49,Asia,,,Power,Coal,2011,9999,266444.7026,MWh,2024,89.55166006,Fuel consumption,kt,0,152065.3814,85958099.35,KWh
50,Asia,,,Power,Coal,2007,9999,9991676.348,MWh,2024,6294.193809,Fuel consumption,kt,0,9629638.083,6265385808,KWh
51,Asia,,,Power,Coal,2007,9999,9991676.348,MWh,2024,3238.249925,Fuel consumption,kt,0,5498789.298,3223428726,KWh
52,Asia,,,Power,Coal,2010,9999,9991676.348,MWh,2024,6294.193809,Fuel consumption,kt,0,9629638.083,6265385808,KWh
53,Asia,,,Power,Coal,1979,9999,39966705.4,MWh,2024,20693.66247,Fuel consumption,kt,0,31659730.58,25061543234,KWh
54,Asia,,,Power,Coal,1985,9999,40299761.26,MWh,2024,20825.13794,Fuel consumption,kt,0,31860878.06,25270389430,KWh
55,Asia,,,Power,Coal,1988,9999,40299761.26,MWh,2024,20825.13794,Fuel consumption,kt,0,31860878.06,25270389430,KWh
56,Asia,,,Power,Coal,1990,9999,4962532.586,MWh,2024,3080.106591,Fuel consumption,kt,0,3228395.197,3232593884,KWh
57,Asia,,,Power,Coal,2013,9999,89925087.12,MWh,2024,38258.74967,Fuel consumption,kt,0,58532978.81,56388472288,KWh
58,Asia,,,Power,Coal,2014,9999,89925087.12,MWh,2024,19683.44112,Fuel consumption,kt,0,33423947.47,29010858533,KWh
59,Asia,,,Power,Coal,2015,9999,89925087.12,MWh,2024,38258.74967,Fuel consumption,kt,0,58532978.81,56388472288,KWh
60,Asia,,,Power,Coal,2015,9999,89925087.12,MWh,2024,38258.74967,Fuel consumption,kt,0,58532978.81,56388472288,KWh
61,Asia,,,Power,Coal,2015,9999,89925087.12,MWh,2024,38258.74967,Fuel consumption,kt,0,58532978.81,56388472288,KWh
62,Asia,,,Power,Coal,2012,9999,8326396.958,MWh,2024,5128.701024,Fuel consumption,kt,0,6464807.778,5143548346,KWh
63,Asia,,,Power,Coal,2012,9999,8326396.958,MWh,2024,5128.701024,Fuel consumption,kt,0,6464807.778,5143548346,KWh
64,Asia,,,Power,Coal,2015,9999,19150713,MWh,2024,9961.116565,Fuel consumption,kt,0,22536916.48,13582323838,KWh
65,Asia,,,Power,Coal,2015,9999,19150713,MWh,2024,9961.116565,Fuel consumption,kt,0,22536916.48,13582323838,KWh
66,Asia,,,Power,Coal,1985,9999,1332223.513,MWh,2024,869.1584844,Fuel consumption,kt,0,1329746.413,835384774.3,KWh
67,Asia,,,Power,Coal,1985,9999,39966705.4,MWh,2024,10646.51852,Fuel consumption,kt,0,18078580.55,12893714904,KWh
68,Asia,,,Power,Coal,1985,9999,39966705.4,MWh,2024,10646.51852,Fuel consumption,kt,0,18078580.55,12893714904,KWh
69,Asia,,,Power,Coal,1985,9999,39966705.4,MWh,2024,10646.51852,Fuel consumption,kt,0,18078580.55,12893714904,KWh
70,Asia,,,Power,Coal,1985,9999,39966705.4,MWh,2024,10646.51852,Fuel consumption,kt,0,18078580.55,12893714904,KWh
71,Asia,,,Power,Coal,1990,9999,39966705.4,MWh,2024,10646.51852,Fuel consumption,kt,0,18078580.55,12893714904,KWh
72,Asia,,,Power,Coal,1994,9999,39966705.4,MWh,2024,10646.51852,Fuel consumption,kt,0,18078580.55,12893714904,KWh
73,Asia,,,Power,Coal,2002,9999,39966705.4,MWh,2024,10646.51852,Fuel consumption,kt,0,18078580.55,12893714904,KWh
74,Asia,,,Power,Coal,2004,9999,39966705.4,MWh,2024,10646.51852,Fuel consumption,kt,0,18078580.55,12893714904,KWh
75,Asia,,,Power,Coal,2009,9999,39966705.4,MWh,2024,10646.51852,Fuel consumption,kt,0,18078580.55,12893714904,KWh
76,Asia,,,Power,Coal,2010,9999,39966705.4,MWh,2024,10646.51852,Fuel consumption,kt,0,18078580.55,12893714904,KWh
77,Asia,,,Power,Coal,2011,9999,44962543.58,MWh,2024,22627.63313,Fuel consumption,kt,0,34618558.69,28194236141,KWh
78,Asia,,,Power,Coal,2012,9999,44962543.58,MWh,2024,22627.63313,Fuel consumption,kt,0,34618558.69,28194236141,KWh
79,Asia,,,Power,Coal,2013,9999,44962543.58,MWh,2024,22627.63313,Fuel consumption,kt,0,34618558.69,28194236141,KWh
80,Asia,,,Power,Coal,2013,9999,44962543.58,MWh,2024,11641.51177,Fuel consumption,kt,0,19768153.11,14505429265,KWh
81,Asia,,,Power,Coal,2013,9999,44962543.58,MWh,2024,22627.63313,Fuel consumption,kt,0,34618558.69,28194236141,KWh
82,Asia,,,Power,Coal,2013,9999,44962543.58,MWh,2024,22627.63313,Fuel consumption,kt,0,34618558.69,28194236141,KWh
83,Asia,,,Power,Coal,2014,9999,199833527,MWh,2024,75096.13604,Fuel consumption,kt,0,114891379.8,1.25E+11,KWh
84,Asia,,,Power,Coal,2015,9999,199833527,MWh,2024,75096.13604,Fuel consumption,kt,0,114891379.8,1.25E+11,KWh
85,Asia,,,Power,Coal,2017,9999,5328894.051,MWh,2024,3077.605674,Fuel consumption,kt,0,2919620.499,2994080000,KWh
86,Asia,,,Power,Coal,2007,9999,3996670.54,MWh,2024,2589.031279,Fuel consumption,kt,0,3961021.057,2506154323,KWh
87,Asia,,,Power,Coal,2007,9999,1332223.513,MWh,2024,778.7818602,Fuel consumption,kt,0,738804.0331,748519999.9,KWh
88,Asia,,,Power,Coal,2007,9999,2830974.965,MWh,2024,1840.603744,Fuel consumption,kt,0,2815983.818,1775192646,KWh
89,Asia,,,Power,Coal,2007,9999,2830974.965,MWh,2024,1840.603744,Fuel consumption,kt,0,2815983.818,1775192646,KWh
90,Asia,,,Power,Coal,2008,9999,1332223.513,MWh,2024,869.1584844,Fuel consumption,kt,0,1329746.413,835384774.3,KWh
91,Asia,,,Power,Coal,2011,9999,2664447.026,MWh,2024,891.6621597,Fuel consumption,kt,0,1514108.687,859580993.5,KWh
92,Asia,,,Power,Coal,2011,9999,8326396.958,MWh,2024,4742.209896,Fuel consumption,kt,0,4498774.273,4678250000,KWh
93,Asia,,,Power,Coal,1987,9999,69941734.44,MWh,2024,31527.215,Fuel consumption,kt,0,48234242.44,43857700646,KWh
94,Asia,,,Power,Coal,1987,9999,69941734.44,MWh,2024,31527.215,Fuel consumption,kt,0,48234242.44,43857700646,KWh
95,Asia,,,Power,Coal,1989,9999,69941734.44,MWh,2024,31527.215,Fuel consumption,kt,0,48234242.44,43857700646,KWh
96,Asia,,,Power,Coal,1994,9999,166527939.1,MWh,2024,63842.94607,Fuel consumption,kt,0,97674854.59,1.04E+11,KWh
97,Asia,,,Power,Coal,1994,9999,166527939.1,MWh,2024,63842.94607,Fuel consumption,kt,0,97674854.59,1.04E+11,KWh
98,Asia,,,Power,Coal,2011,9999,199833527,MWh,2024,75096.13604,Fuel consumption,kt,0,114891379.8,1.25E+11,KWh
99,Asia,,,Power,Coal,2011,9999,199833527,MWh,2024,75096.13604,Fuel consumption,kt,0,114891379.8,1.25E+11,KWh
100,Asia,,,Power,Coal,2015,9999,166527939.1,MWh,2024,63842.94607,Fuel consumption,kt,0,97674854.59,1.04E+11,KWh
101,Asia,,,Power,Coal,2016,9999,166527939.1,MWh,2024,63842.94607,Fuel consumption,kt,0,97674854.59,1.04E+11,KWh
102,Asia,,,Power,Coal,2015,9999,199833527,MWh,2024,38635.61631,Fuel consumption,kt,0,65606150.96,64468574503,KWh
103,Asia,,,Power,Coal,2016,9999,199833527,MWh,2024,38635.61631,Fuel consumption,kt,0,65606150.96,64468574503,KWh
104,Asia,,,Power,Coal,2014,9999,1165695.574,MWh,2024,760.7262941,Fuel consumption,kt,0,1163853.405,730961677.6,KWh
105,Asia,,,Power,Coal,2008,9999,8326396.958,MWh,2024,5292.537201,Fuel consumption,kt,0,8097179.614,5221154840,KWh
106,Asia,,,Power,Coal,2013,9999,8326396.958,MWh,2024,5292.537201,Fuel consumption,kt,0,8097179.614,5221154840,KWh
107,Asia,,,Power,Coal,2013,9999,8326396.958,MWh,2024,5292.537201,Fuel consumption,kt,0,8097179.614,5221154840,KWh
108,Asia,,,Power,Coal,1983,9999,999167.6348,MWh,2024,300.8598753,Fuel consumption,kt,0,700123.452,494570330.4,KWh
109,Asia,,,Power,Coal,1987,9999,2031640.857,MWh,2024,610.5574344,Fuel consumption,kt,0,1420812.856,1005626339,KWh
110,Asia,,,Power,Coal,2008,9999,4995838.175,MWh,2024,1658.884216,Fuel consumption,kt,0,2816908.82,1611714363,KWh
111,Asia,,,Power,Coal,2008,9999,4995838.175,MWh,2024,3224.377056,Fuel consumption,kt,0,4933051.802,3132692904,KWh
112,Asia,,,Power,Coal,2010,9999,4995838.175,MWh,2024,3224.377056,Fuel consumption,kt,0,4933051.802,3132692904,KWh
113,Asia,,,Power,Coal,2018,9999,50457965.55,MWh,2024,23911.37177,Fuel consumption,kt,0,42365019.84,31169902976,KWh
114,Asia,,,Power,Coal,2018,9999,50457965.55,MWh,2024,23911.37177,Fuel consumption,kt,0,42365019.84,31169902976,KWh
115,Asia,,,Power,Coal,2007,9999,13322235.13,MWh,2024,7371.312918,Fuel consumption,kt,0,16812579.36,7485199999,KWh
116,Asia,,,Power,Coal,2012,9999,999167.6348,MWh,2024,335.5542731,Fuel consumption,kt,0,569796.121,322342872.6,KWh
117,Asia,,,Power,Coal,2014,9999,199833527,MWh,2024,75096.13604,Fuel consumption,kt,0,114891379.8,1.25E+11,KWh
118,Asia,,,Power,Coal,2006,9999,7660285.201,MWh,2024,2513.537978,Fuel consumption,kt,0,4268174.492,2471295356,KWh
119,Asia,,,Power,Coal,2006,9999,7660285.201,MWh,2024,2513.537978,Fuel consumption,kt,0,4268174.492,2471295356,KWh
120,Asia,,,Power,Coal,2014,9999,4329726.418,MWh,2024,2801.48834,Fuel consumption,kt,0,4286064.21,2715000517,KWh
121,Asia,,,Power,Coal,1993,9999,11990011.62,MWh,2024,8940.570935,Fuel consumption,kt,0,21907523.02,9727906105,KWh
122,Asia,,,Power,Coal,2006,9999,6860951.091,MWh,2024,5260.741253,Fuel consumption,kt,0,12890654.41,5566524049,KWh
123,Asia,,,Power,Coal,1982,9999,4662782.297,MWh,2024,2638.094191,Fuel consumption,kt,0,5968659.042,3307000587,KWh
124,Asia,,,Power,Coal,1982,9999,4662782.297,MWh,2024,2638.094191,Fuel consumption,kt,0,5968659.042,3307000587,KWh
125,Asia,,,Power,Coal,1999,9999,69941734.44,MWh,2024,31527.215,Fuel consumption,kt,0,48234242.44,43857700646,KWh
126,Asia,,,Power,Coal,2000,9999,69941734.44,MWh,2024,16220.18716,Fuel consumption,kt,0,27543084.58,22564001079,KWh
127,Asia,,,Power,Coal,2001,9999,69941734.44,MWh,2024,28248.95987,Fuel consumption,kt,0,26798833.59,39297300004,KWh
128,Asia,,,Power,Coal,2009,9999,69941734.44,MWh,2024,31527.215,Fuel consumption,kt,0,48234242.44,43857700646,KWh
129,Asia,,,Power,Coal,2009,9999,69941734.44,MWh,2024,31527.215,Fuel consumption,kt,0,48234242.44,43857700646,KWh
130,Asia,,,Power,Coal,2011,9999,11656955.74,MWh,2024,7272.474368,Fuel consumption,kt,0,11126332.98,7309616776,KWh
131,Asia,,,Power,Coal,1982,9999,1665279.391,MWh,2024,1085.767093,Fuel consumption,kt,0,1661141.12,1044230968,KWh
132,Asia,,,Power,Coal,2017,9999,18318073.31,MWh,2024,7949.344549,Fuel consumption,kt,0,15149750.01,11758295388,KWh
133,Asia,,,Power,Coal,2017,9999,18318073.31,MWh,2024,7949.344549,Fuel consumption,kt,0,9400918.396,11758295388,KWh
134,Asia,,,Power,Coal,2017,9999,18318073.31,MWh,2024,7949.344549,Fuel consumption,kt,0,9400918.396,11758295388,KWh
135,Asia,,,Power,Coal,2019,9999,103913434,MWh,2024,36993.51569,Fuel consumption,kt,0,46630904.6,76329661482,KWh
136,Asia,,,Power,Coal,2019,9999,103913434,MWh,2024,36993.51569,Fuel consumption,kt,0,46630904.6,76329661482,KWh
137,Asia,,,Power,Coal,2014,9999,9159036.651,MWh,2024,5796.228396,Fuel consumption,kt,0,8867788.852,5743270324,KWh
138,Asia,,,Power,Coal,2009,9999,13322235.13,MWh,2024,8226.744216,Fuel consumption,kt,0,12586293.31,8353847743,KWh
139,Asia,,,Power,Coal,2009,9999,5495421.99,MWh,2024,3430.097581,Fuel consumption,kt,0,8221078.696,3394741908,KWh
140,Asia,,,Power,Coal,2009,9999,5495421.99,MWh,2024,3430.097581,Fuel consumption,kt,0,8221078.696,3394741908,KWh
141,Asia,,,Power,Coal,2015,9999,99916763.48,MWh,2024,41588.60169,Fuel consumption,kt,0,63627399.3,62653858076,KWh
142,Asia,,,Power,Coal,1965,9999,26644470.26,MWh,2024,15031.40601,Fuel consumption,kt,0,22996908.62,16707695490,KWh
143,Asia,,,Power,Coal,1965,9999,26644470.26,MWh,2024,15031.40601,Fuel consumption,kt,0,22996908.62,16707695490,KWh
144,Asia,,,Power,Coal,1982,9999,69941734.44,MWh,2024,31527.215,Fuel consumption,kt,0,48234242.44,43857700646,KWh
145,Asia,,,Power,Coal,2006,9999,9991676.348,MWh,2024,6099.350274,Fuel consumption,kt,0,10806535.81,6172258016,KWh
146,Asia,,,Power,Coal,2014,9999,9991676.348,MWh,2024,6099.350274,Fuel consumption,kt,0,10806535.81,6172258016,KWh
147,Asia,,,Power,Coal,2014,9999,9991676.348,MWh,2024,6099.350274,Fuel consumption,kt,0,10806535.81,6172258016,KWh
148,Asia,,,Power,Coal,2016,9999,5495421.99,MWh,2024,3430.097581,Fuel consumption,kt,0,6077282.12,3394741908,KWh
149,Asia,,,Power,Coal,2016,9999,5495421.99,MWh,2024,3430.097581,Fuel consumption,kt,0,6077282.12,3394741908,KWh
150,Asia,,,Power,Coal,2000,9999,21648632.09,MWh,2024,12250.68727,Fuel consumption,kt,0,15442182.73,13373225701,KWh
151,Asia,,,Power,Coal,2000,9999,21648632.09,MWh,2024,12250.68727,Fuel consumption,kt,0,15442182.73,13373225701,KWh
152,Asia,,,Power,Coal,1994,9999,1998335.27,MWh,2024,1261.689396,Fuel consumption,kt,0,3023951.234,1234451603,KWh
153,Asia,,,Power,Coal,1996,9999,1998335.27,MWh,2024,1261.689396,Fuel consumption,kt,0,2235400.662,1234451603,KWh
154,Asia,,,Power,Coal,2001,9999,1998335.27,MWh,2024,1261.689396,Fuel consumption,kt,0,2235400.662,1234451603,KWh
155,Asia,,,Power,Coal,2015,9999,36636146.61,MWh,2024,18756.80295,Fuel consumption,kt,0,33232402.41,22631612723,KWh
156,Asia,,,Power,Coal,2015,9999,36636146.61,MWh,2024,18756.80295,Fuel consumption,kt,0,33232402.41,22631612723,KWh
157,Asia,,,Power,Coal,2012,9999,6661117.565,MWh,2024,4268.666533,Fuel consumption,kt,0,6530735.321,4176923872,KWh
158,Asia,,,Power,Coal,2009,9999,5995005.808,MWh,2024,3853.276388,Fuel consumption,kt,0,5895219.977,3759231486,KWh
159,Asia,,,Power,Coal,2011,9999,104912601.7,MWh,2024,41911.98289,Fuel consumption,kt,0,74257637.88,64808709172,KWh
160,Asia,,,Power,Coal,2012,9999,104912601.7,MWh,2024,41911.98289,Fuel consumption,kt,0,52830709.35,64808709172,KWh
161,Asia,,,Power,Coal,2013,9999,104912601.7,MWh,2024,41911.98289,Fuel consumption,kt,0,52830709.35,64808709172,KWh
162,Asia,,,Power,Coal,2017,9999,219816879.7,MWh,2024,79350.84729,Fuel consumption,kt,0,100022982.9,1.36E+11,KWh
163,Asia,,,Power,Coal,2011,9999,208159923.9,MWh,2024,75509.83141,Fuel consumption,kt,0,133784691.9,1.29E+11,KWh
164,Asia,,,Power,Coal,1990,9999,18884268.3,MWh,2024,6962.520218,Fuel consumption,kt,0,15327187.21,11313290675,KWh
165,Asia,,,Power,Coal,1990,9999,1998335.27,MWh,2024,806.5109926,Fuel consumption,kt,0,1775441.16,1197173616,KWh
166,Asia,,,Power,Coal,1990,9999,4747711.544,MWh,2024,1899.940377,Fuel consumption,kt,0,4182500.148,2844284984,KWh
167,Asia,,,Power,Coal,2014,9999,199833527,MWh,2024,38635.61631,Fuel consumption,kt,0,65606150.96,64468574503,KWh
168,Asia,,,Power,Coal,2015,9999,199833527,MWh,2024,38635.61631,Fuel consumption,kt,0,65606150.96,64468574503,KWh
169,Asia,,,Power,Coal,2007,9999,1332223.513,MWh,2024,778.7818602,Fuel consumption,kt,0,738804.0331,748519999.9,KWh
170,Asia,,,Power,Coal,2007,9999,2664447.026,MWh,2024,1733.125785,Fuel consumption,kt,0,2651550.711,1670769549,KWh
171,Asia,,,Power,Coal,2015,9999,219816879.7,MWh,2024,81885.70736,Fuel consumption,kt,0,125278907.9,1.38E+11,KWh
172,Asia,,,Power,Coal,2016,9999,219816879.7,MWh,2024,81885.70736,Fuel consumption,kt,0,125278907.9,1.38E+11,KWh
173,Asia,,,Power,Coal,2017,9999,219816879.7,MWh,2024,81885.70736,Fuel consumption,kt,0,125278907.9,1.38E+11,KWh
174,Asia,,,Power,Coal,2006,9999,41631984.79,MWh,2024,6053.287265,Fuel consumption,kt,0,11767389.52,9459988114,KWh
175,Asia,,,Power,Coal,2006,9999,41631984.79,MWh,2024,6053.287265,Fuel consumption,kt,0,11767389.52,9459988114,KWh
176,Asia,,,Power,Coal,2017,9999,91590366.51,MWh,2024,11006.38616,Fuel consumption,kt,0,21396049.37,20811973851,KWh
177,Asia,,,Power,Coal,1983,9999,36636146.61,MWh,2024,19355.98836,Fuel consumption,kt,0,29613190.89,22973081298,KWh
178,Asia,,,Power,Coal,1985,9999,36636146.61,MWh,2024,19355.98836,Fuel consumption,kt,0,29613190.89,22973081298,KWh
179,Asia,,,Power,Coal,2019,9999,83263969.58,MWh,2024,36030.19859,Fuel consumption,kt,0,55123465.06,52211548397,KWh
180,Asia,,,Power,Coal,2019,9999,83263969.58,MWh,2024,36030.19859,Fuel consumption,kt,0,55123465.06,52211548397,KWh
181,Asia,,,Power,Coal,2015,9999,9991676.348,MWh,2024,5639.712491,Fuel consumption,kt,0,5350204.655,5613900001,KWh
182,Asia,,,Power,Coal,1988,9999,999167.6348,MWh,2024,652.2176103,Fuel consumption,kt,0,997843.367,626538580.8,KWh
183,Asia,,,Power,Coal,2014,9999,219816879.7,MWh,2024,81885.70736,Fuel consumption,kt,0,125278907.9,1.38E+11,KWh
184,Asia,,,Power,Coal,2016,9999,219816879.7,MWh,2024,81885.70736,Fuel consumption,kt,0,125278907.9,1.38E+11,KWh
185,Asia,,,Power,Coal,2011,9999,14987514.52,MWh,2024,4711.012174,Fuel consumption,kt,0,7999649.174,4835143089,KWh
186,Asia,,,Power,Coal,2012,9999,14987514.52,MWh,2024,4711.012174,Fuel consumption,kt,0,7999649.174,4835143089,KWh
187,Asia,,,Power,Coal,2009,9999,44962543.58,MWh,2024,20274.77214,Fuel consumption,kt,0,19233991.17,25262549999,KWh
188,Asia,,,Power,Coal,2010,9999,44962543.58,MWh,2024,20274.77214,Fuel consumption,kt,0,19233991.17,25262549999,KWh
189,Asia,,,Power,Coal,2011,9999,44962543.58,MWh,2024,20274.77214,Fuel consumption,kt,0,19233991.17,25262549999,KWh
190,Asia,,,Power,Coal,2011,9999,44962543.58,MWh,2024,20274.77214,Fuel consumption,kt,0,19233991.17,25262549999,KWh
191,Asia,,,Power,Coal,2013,9999,44962543.58,MWh,2024,20274.77214,Fuel consumption,kt,0,19233991.17,25262549999,KWh
192,Asia,,,Power,Coal,2013,9999,44962543.58,MWh,2024,20274.77214,Fuel consumption,kt,0,19233991.17,25262549999,KWh
193,Asia,,,Power,Coal,2013,9999,44962543.58,MWh,2024,20274.77214,Fuel consumption,kt,0,19233991.17,25262549999,KWh
194,Asia,,,Power,Coal,2013,9999,44962543.58,MWh,2024,20274.77214,Fuel consumption,kt,0,19233991.17,25262549999,KWh
195,Asia,,,Power,Coal,1968,9999,3130725.256,MWh,2024,2033.729922,Fuel consumption,kt,0,3111452.19,1963154220,KWh
196,Asia,,,Power,Coal,2008,9999,6661117.565,MWh,2024,4268.666533,Fuel consumption,kt,0,6530735.321,4176923872,KWh
197,Asia,,,Power,Coal,2008,9999,6661117.565,MWh,2024,3824.803097,Fuel consumption,kt,0,3628461.445,3742600000,KWh
198,Asia,,,Power,Coal,2011,9999,41631984.79,MWh,2024,19127.48313,Fuel consumption,kt,0,18145596.86,23391250001,KWh
199,Asia,,,Power,Coal,2011,9999,41631984.79,MWh,2024,19127.48313,Fuel consumption,kt,0,18145596.86,23391250001,KWh
200,Asia,,,Power,Coal,1988,9999,4995838.175,MWh,2024,2889.100673,Fuel consumption,kt,0,2740792.175,2806950000,KWh
201,Asia,,,Power,Coal,1988,9999,4995838.175,MWh,2024,2889.100673,Fuel consumption,kt,0,2740792.175,2806950000,KWh
202,Asia,,,Power,Coal,1988,9999,799334.1079,MWh,2024,467.6464343,Fuel consumption,kt,0,443640.3686,449111999.9,KWh
203,Asia,,,Power,Coal,1999,9999,10324732.23,MWh,2024,6290.788282,Fuel consumption,kt,0,11145716.48,6377999949,KWh
204,Asia,,,Power,Coal,1999,9999,10324732.23,MWh,2024,6290.788282,Fuel consumption,kt,0,7929636.926,6377999949,KWh
205,Asia,,,Power,Coal,1999,9999,10324732.23,MWh,2024,6290.788282,Fuel consumption,kt,0,11145716.48,6377999949,KWh
206,Asia,,,Power,Coal,1999,9999,10324732.23,MWh,2024,6290.788282,Fuel consumption,kt,0,11145716.48,6377999949,KWh
207,Asia,,,Power,Coal,2009,9999,3330558.783,MWh,2024,2095.297343,Fuel consumption,kt,0,3712347.178,2057419338,KWh
208,Asia,,,Power,Coal,1985,9999,219816879.7,MWh,2024,45117.36228,Fuel consumption,kt,0,107715809.3,79145763237,KWh
209,Asia,,,Power,Coal,1985,9999,219816879.7,MWh,2024,45117.36228,Fuel consumption,kt,0,107715809.3,79145763237,KWh
210,Asia,,,Power,Coal,1986,9999,219816879.7,MWh,2024,45117.36228,Fuel consumption,kt,0,107715809.3,79145763237,KWh
211,Asia,,,Power,Coal,1986,9999,219816879.7,MWh,2024,45117.36228,Fuel consumption,kt,0,107715809.3,79145763237,KWh
212,Asia,,,Power,Coal,1974,9999,4995838.175,MWh,2024,3224.377056,Fuel consumption,kt,0,4933051.802,3132692904,KWh
213,Asia,,,Power,Coal,2013,9999,89925087.12,MWh,2024,38258.74967,Fuel consumption,kt,0,58532978.81,56388472288,KWh
214,Asia,,,Power,Coal,2009,9999,166527939.1,MWh,2024,63842.94607,Fuel consumption,kt,0,97674854.59,1.04E+11,KWh
215,Asia,,,Power,Coal,2012,9999,166527939.1,MWh,2024,63842.94607,Fuel consumption,kt,0,97674854.59,1.04E+11,KWh
216,Asia,,,Power,Coal,2016,9999,233139114.8,MWh,2024,86425.61298,Fuel consumption,kt,0,132224618.4,1.46E+11,KWh
217,Asia,,,Power,Coal,2012,9999,5995005.808,MWh,2024,3853.276388,Fuel consumption,kt,0,5895219.977,3759231486,KWh
218,Asia,,,Power,Coal,2004,9999,1665279.391,MWh,2024,1085.767093,Fuel consumption,kt,0,1661141.12,1044230968,KWh
219,Asia,,,Power,Coal,2020,9999,89925087.12,MWh,2024,19683.44112,Fuel consumption,kt,0,33423947.47,29010858533,KWh
220,Asia,,,Power,Coal,2020,9999,89925087.12,MWh,2024,38258.74967,Fuel consumption,kt,0,58532978.81,56388472288,KWh
221,Asia,,,Power,Coal,2011,9999,16652793.91,MWh,2024,10062.81538,Fuel consumption,kt,0,15395342.62,10442309683,KWh
222,Asia,,,Power,Coal,2014,9999,16652793.91,MWh,2024,5177.138191,Fuel consumption,kt,0,8791165.827,5372381210,KWh
223,Asia,,,Power,Coal,1977,9999,4163198.479,MWh,2024,1386.704852,Fuel consumption,kt,0,2354728.01,1343095302,KWh
224,Asia,,,Power,Coal,1977,9999,4163198.479,MWh,2024,2415.075075,Fuel consumption,kt,0,2291100.109,2339125000,KWh
225,Asia,,,Power,Coal,1996,9999,5328894.051,MWh,2024,3434.757817,Fuel consumption,kt,0,5254918.373,3341539097,KWh
226,Asia,,,Power,Coal,2004,9999,4995838.175,MWh,2024,3224.377056,Fuel consumption,kt,0,4933051.802,3132692904,KWh
227,Asia,,,Power,Coal,2015,9999,9991676.348,MWh,2024,6294.193809,Fuel consumption,kt,0,9629638.083,6265385808,KWh
228,Asia,,,Power,Coal,2019,9999,3330558.783,MWh,2024,1937.398914,Fuel consumption,kt,0,1837944.879,1871300000,KWh
229,Asia,,,Power,Coal,1987,9999,8326396.958,MWh,2024,5292.537201,Fuel consumption,kt,0,8097179.614,5221154840,KWh
230,Asia,,,Power,Coal,1990,9999,8326396.958,MWh,2024,5292.537201,Fuel consumption,kt,0,8097179.614,5221154840,KWh
231,Asia,,,Power,Coal,2006,9999,1332223.513,MWh,2024,869.1584844,Fuel consumption,kt,0,1329746.413,835384774.3,KWh
232,Asia,,,Power,Coal,2005,9999,4995838.175,MWh,2024,3224.377056,Fuel consumption,kt,0,4933051.802,3132692904,KWh
233,Asia,,,Power,Coal,2009,9999,4995838.175,MWh,2024,3224.377056,Fuel consumption,kt,0,4933051.802,3132692904,KWh
234,Asia,,,Power,Coal,2010,9999,10990843.98,MWh,2024,6884.018587,Fuel consumption,kt,0,10532025.16,6891924390,KWh
235,Asia,,,Power,Coal,2010,9999,5995005.808,MWh,2024,3853.276388,Fuel consumption,kt,0,5895219.977,3759231486,KWh
236,Asia,,,Power,Coal,1979,2021,1332223.513,MWh,2024,869.1584844,Fuel consumption,kt,0,1329746.413,835384774.3,KWh
237,Asia,,,Power,Coal,2016,9999,83263969.58,MWh,2024,32283.71533,Fuel consumption,kt,0,30626469.75,46782500003,KWh
238,Asia,,,Power,Coal,2017,9999,83263969.58,MWh,2024,32283.71533,Fuel consumption,kt,0,30626469.75,46782500003,KWh
239,Asia,,,Power,Coal,1969,9999,2497919.087,MWh,2024,1625.520999,Fuel consumption,kt,0,2486923.568,1566346452,KWh
240,Asia,,,Power,Coal,2008,9999,9991676.348,MWh,2024,5639.712491,Fuel consumption,kt,0,5350204.655,5613900001,KWh
241,Asia,,,Power,Coal,2009,9999,83263969.58,MWh,2024,36030.19859,Fuel consumption,kt,0,55123465.06,52211548397,KWh
242,Asia,,,Power,Coal,2009,9999,83263969.58,MWh,2024,36030.19859,Fuel consumption,kt,0,55123465.06,52211548397,KWh
243,Asia,,,Power,Coal,1982,9999,9991676.348,MWh,2024,6294.193809,Fuel consumption,kt,0,9629638.083,6265385808,KWh
244,Asia,,,Power,Coal,1983,9999,9991676.348,MWh,2024,3238.249925,Fuel consumption,kt,0,5498789.298,3223428726,KWh
245,Asia,,,Power,Coal,1984,9999,4662782.297,MWh,2024,3013.279014,Fuel consumption,kt,0,4610087.842,2923846711,KWh
246,Asia,,,Power,Coal,2006,9999,4995838.175,MWh,2024,2889.100673,Fuel consumption,kt,0,6589495.643,2806950000,KWh
247,Asia,,,Power,Coal,2006,9999,1998335.27,MWh,2024,1301.99402,Fuel consumption,kt,0,1991951.882,1253077162,KWh
248,Asia,,,Power,Coal,2016,9999,22481271.78,MWh,2024,6715.389462,Fuel consumption,kt,0,11403230.93,7252714632,KWh
249,Asia,,,Power,Coal,2016,9999,22481271.78,MWh,2024,6715.389462,Fuel consumption,kt,0,11403230.93,7252714632,KWh
250,Asia,,,Power,Coal,1982,9999,69941734.44,MWh,2024,31527.215,Fuel consumption,kt,0,48234242.44,43857700646,KWh
251,Asia,,,Power,Coal,2012,9999,166527939.1,MWh,2024,63842.94607,Fuel consumption,kt,0,97674854.59,1.04E+11,KWh
252,Asia,,,Power,Coal,2012,9999,166527939.1,MWh,2024,63842.94607,Fuel consumption,kt,0,97674854.59,1.04E+11,KWh
253,Asia,,,Power,Coal,2009,9999,49958381.75,MWh,2024,12600.67829,Fuel consumption,kt,0,21396889.23,16117143629,KWh
254,Asia,,,Power,Coal,2009,9999,49958381.75,MWh,2024,12600.67829,Fuel consumption,kt,0,21396889.23,16117143629,KWh
255,Asia,,,Power,Coal,2015,9999,54954219.9,MWh,2024,13532.27681,Fuel consumption,kt,0,22978812.82,17728857993,KWh
256,Asia,,,Power,Coal,1990,9999,2664447.026,MWh,2024,1733.125785,Fuel consumption,kt,0,2651550.711,1670769549,KWh
257,Asia,,,Power,Coal,1987,9999,2664447.026,MWh,2024,1733.125785,Fuel consumption,kt,0,2651550.711,1670769549,KWh
258,Asia,,,Power,Coal,2005,9999,13322235.13,MWh,2024,8226.744216,Fuel consumption,kt,0,12586293.31,8353847743,KWh
259,Asia,,,Power,Coal,2006,9999,19983352.7,MWh,2024,11804.67994,Fuel consumption,kt,0,18060262.99,12530771618,KWh
260,Asia,,,Power,Coal,1989,9999,1665279.391,MWh,2024,1085.767093,Fuel consumption,kt,0,1661141.12,1044230968,KWh
261,Asia,,,Power,Coal,2012,9999,83263969.58,MWh,2024,32283.71533,Fuel consumption,kt,0,30626469.75,46782500003,KWh
262,Asia,,,Power,Coal,2013,9999,83263969.58,MWh,2024,32283.71533,Fuel consumption,kt,0,30626469.75,46782500003,KWh
263,Asia,,,Power,Coal,1997,9999,8326396.958,MWh,2024,5292.537201,Fuel consumption,kt,0,8097179.614,5221154840,KWh
264,Asia,,,Power,Coal,2009,9999,7427146.085,MWh,2024,4249.194225,Fuel consumption,kt,0,4031066.965,4172999000,KWh
265,Asia,,,Power,Coal,2009,9999,7427146.085,MWh,2024,4249.194225,Fuel consumption,kt,0,4031066.965,4172999000,KWh
266,Asia,,,Power,Coal,2017,9999,99916763.48,MWh,2024,41588.60169,Fuel consumption,kt,0,63627399.3,62653858076,KWh
267,Asia,,,Power,Coal,2018,9999,99916763.48,MWh,2024,41588.60169,Fuel consumption,kt,0,63627399.3,62653858076,KWh
268,Asia,,,Power,Coal,2003,9999,1998335.27,MWh,2024,669.852592,Fuel consumption,kt,0,1137459.538,644685745,KWh
269,Asia,,,Power,Coal,2001,9999,3497086.722,MWh,2024,2269.157812,Fuel consumption,kt,0,3471638.966,2192885033,KWh
270,Asia,,,Power,Coal,2001,9999,8159869.019,MWh,2024,5191.125489,Fuel consumption,kt,0,7942027.403,5116731745,KWh
271,Asia,,,Power,Coal,2009,9999,19983352.7,MWh,2024,11804.67994,Fuel consumption,kt,0,18060262.99,12530771618,KWh
272,Asia,,,Power,Coal,1994,9999,2331391.148,MWh,2024,1517.794133,Fuel consumption,kt,0,2322109.651,1461923355,KWh
273,Asia,,,Power,Coal,1932,9999,2497919.087,MWh,2024,836.3014256,Fuel consumption,kt,0,1420102.041,805857181.4,KWh
274,Asia,,,Power,Coal,2012,9999,3996670.54,MWh,2024,2508.885034,Fuel consumption,kt,0,4445121.979,2468903206,KWh
275,Asia,,,Power,Coal,2006,9999,238801064.7,MWh,2024,105819.6695,Fuel consumption,kt,0,259295168.3,1.94E+11,KWh
276,Asia,,,Power,Coal,2007,9999,238801064.7,MWh,2024,105819.6695,Fuel consumption,kt,0,259295168.3,1.94E+11,KWh
277,Asia,,,Power,Coal,2009,9999,77602019.64,MWh,2024,32447.2319,Fuel consumption,kt,0,56560966.89,48216401297,KWh
278,Asia,,,Power,Coal,2009,9999,77602019.64,MWh,2024,32447.2319,Fuel consumption,kt,0,56560966.89,48216401297,KWh
279,Asia,,,Power,Coal,1994,9999,69941734.44,MWh,2024,31527.215,Fuel consumption,kt,0,48234242.44,43857700646,KWh
280,Asia,,,Power,Coal,2017,9999,166527939.1,MWh,2024,63842.94607,Fuel consumption,kt,0,97674854.59,1.04E+11,KWh
281,Asia,,,Power,Coal,1974,9999,18318073.31,MWh,2024,10945.21824,Fuel consumption,kt,0,16745351.93,11486540651,KWh
282,Asia,,,Power,Coal,1972,9999,18318073.31,MWh,2024,10945.21824,Fuel consumption,kt,0,16745351.93,11486540651,KWh
283,Asia,,,Power,Coal,1973,9999,3996670.54,MWh,2024,2589.031279,Fuel consumption,kt,0,3961021.057,2506154323,KWh
284,Asia,,,Power,Coal,1987,9999,18318073.31,MWh,2024,10945.21824,Fuel consumption,kt,0,16745351.93,11486540651,KWh
285,Asia,,,Power,Coal,1988,9999,18318073.31,MWh,2024,10945.21824,Fuel consumption,kt,0,16745351.93,11486540651,KWh
286,Asia,,,Power,Coal,1989,9999,18318073.31,MWh,2024,10945.21824,Fuel consumption,kt,0,16745351.93,11486540651,KWh
287,Asia,,,Power,Coal,2007,9999,12805998.52,MWh,2024,7108.568074,Fuel consumption,kt,0,6743658.308,7195148501,KWh
288,Asia,,,Power,Coal,1989,9999,419650.4066,MWh,2024,274.1163525,Fuel consumption,kt,0,419377.183,263146204,KWh
289,Asia,,,Power,Coal,2010,9999,1998335.27,MWh,2024,1301.99402,Fuel consumption,kt,0,1991951.882,1253077162,KWh
290,Asia,,,Power,Coal,2013,9999,3996670.54,MWh,2024,2589.031279,Fuel consumption,kt,0,3961021.057,2506154323,KWh
291,Asia,,,Power,Coal,2013,9999,3996670.54,MWh,2024,1332.010199,Fuel consumption,kt,0,2261852.419,1289371490,KWh
292,Asia,,,Power,Coal,2015,9999,83263969.58,MWh,2024,36030.19859,Fuel consumption,kt,0,55123465.06,52211548397,KWh
293,Asia,,,Power,Coal,2017,9999,83263969.58,MWh,2024,36030.19859,Fuel consumption,kt,0,55123465.06,52211548397,KWh
294,Asia,,,Power,Coal,2019,9999,83263969.58,MWh,2024,36030.19859,Fuel consumption,kt,0,55123465.06,52211548397,KWh
295,Asia,,,Power,Coal,1966,9999,1665279.391,MWh,2024,1032.351059,Fuel consumption,kt,0,1799561.03,1034686723,KWh
296,Asia,,,Power,Coal,1984,9999,2664447.026,MWh,2024,1733.125785,Fuel consumption,kt,0,2651550.711,1670769549,KWh
297,Asia,,,Power,Coal,2014,9999,999167.6348,MWh,2024,584.3988791,Fuel consumption,kt,0,554399.4677,561390000.1,KWh
298,Asia,,,Power,Coal,1997,9999,83263969.58,MWh,2024,36030.19859,Fuel consumption,kt,0,55123465.06,52211548397,KWh
299,Asia,,,Power,Coal,1999,9999,83263969.58,MWh,2024,36030.19859,Fuel consumption,kt,0,55123465.06,52211548397,KWh
300,Asia,,,Power,Coal,2009,9999,83263969.58,MWh,2024,32283.71533,Fuel consumption,kt,0,30626469.75,46782500003,KWh
